#{"t_start": 1768235997.5382318, "env_id": "None"}
r,l,t
-1.23,24,0.619849
0.85,16,0.621352
-1.19,20,0.622349
-1.26,27,0.624349
-1.05,6,0.635042
-1.2,21,0.79981
-1.01,2,0.80431
-1.0699999,8,0.823825
-1.01,2,0.830836
-1.02,3,0.838343
-1.02,3,0.845343
-1.02,3,0.85235
-1.05,6,0.869362
-1.17,18,0.919899
-1.24,25,0.981445
-1.03,4,0.991451
-1.06,7,1.009968
-1.24,25,1.074517
-1.03,4,1.084023
-1.1800001,19,1.130556
-1.05,6,1.147071
-1.27,28,1.215124
-1.02,3,1.22313
-1.0699999,8,1.242143
-1.01,2,1.248152
-1.04,5,1.260159
-1.05,6,1.274165
-1.13,14,1.309685
-1.13,14,1.347217
-1.0699999,8,1.365736
-1.06,7,1.382242
-1.2,21,1.431274
-1.03,4,1.443781
-1.11,12,1.474802
-1.1,11,1.500822
-1.05,6,1.514328
-1.16,17,1.55686
-1.05,6,1.570867
-1.11,12,1.59952
-1.01,2,1.60352
-1.08,9,1.627064
-0.29999998,30,1.700615
0.84000003,17,1.74265
-1.03,4,1.753157
0.94,7,1.772671
-1.04,5,1.784685
-1.05,6,1.798694
-1.13,14,1.833215
0.78999996,22,1.893267
0.94,7,1.910785
-1.04,5,1.922792
-1.16,17,1.964324
-0.29999998,30,2.039535
-1.09,10,2.063052
0.91,10,2.086571
-1.01,2,2.092081
-0.29999998,30,2.166148
-1.01,2,2.170648
-1.03,4,2.180157
-1.04,5,2.193678
-1.0699999,8,2.214195
-1.2,21,2.264231
-1.05,6,2.280247
0.89,12,2.309273
-1.02,3,2.317774
-0.29999998,30,2.389343
-1.03,4,2.398847
-1.16,17,2.44038
0.71000004,30,2.52012
-1.23,24,2.577669
0.87,14,2.612699
-1.12,13,2.64423
0.82,19,2.694271
-1.0699999,8,2.714287
-1.01,2,2.719293
0.83,18,2.768823
-1.03,4,2.779831
-1.19,20,2.828373
0.82,19,2.875411
-1.12,13,2.905931
-1.04,5,2.91995
-1.06,7,2.936961
-1.11,12,2.966104
-1.03,4,2.97561
-1.02,3,2.984621
-1.11,12,3.012645
-1.01,2,3.018145
-1.03,4,3.027652
0.83,18,3.073691
-1.02,3,3.0807
0.85,16,3.121736
-1.02,3,3.129244
-1.01,2,3.136742
-1.08,9,3.159763
0.93,8,3.17877
0.81,20,3.229313
-1.01,2,3.23632
-1.06,7,3.254338
-1.1800001,19,3.302372
0.91,10,3.326895
0.73,28,3.397125
-1.06,7,3.413648
-1.06,7,3.430155
-1.11,12,3.46068
-1.09,10,3.487203
0.81,20,3.537747
0.88,13,3.570772
0.92,9,3.595803
-1.11,12,3.640328
0.82,19,3.711378
-1.01,2,3.718386
-1.0699999,8,3.747996
0.94,7,3.785746
0.87,14,3.838291
0.90000004,11,3.881822
-0.29999998,30,3.985402
-1.1,11,4.028437
0.84000003,17,4.077981
0.77,24,4.162033
-1.21,22,4.237595
0.93,8,4.268122
0.89,12,4.311581
0.84000003,17,4.37729
0.93,8,4.405804
-1.22,23,4.48486
-1.24,25,4.576423
-1.13,14,4.625453
0.90000004,11,4.66748
-1.01,2,4.675988
0.92,9,4.710007
-1.01,2,4.718514
0.90000004,11,4.75856
0.75,26,4.857624
0.85,16,4.916669
0.90000004,11,4.957698
-1.1,11,4.998224
-1.09,10,5.034746
-1.09,10,5.073277
0.91,10,5.110298
-1.02,3,5.120304
0.87,14,5.16834
0.87,14,5.212869
-0.29999998,30,5.32345
-1.03,4,5.337456
-1.01,2,5.345463
0.93,8,5.374985
0.84000003,17,5.435019
0.89,12,5.480557
-1.03,4,5.497562
-1.01,2,5.504568
0.78,23,5.590623
-1.03,4,5.606141
-1.06,7,5.628654
-1.01,2,5.635654
-1.04,5,5.653668
-1.01,2,5.661675
-1.03,4,5.675766
0.93,8,5.702898
-1.03,4,5.717904
-1.11,12,5.764439
-1.03,4,5.780447
-1.01,2,5.787953
0.95,6,5.811967
0.93,8,5.84399
-1.09,10,5.882522
-1.25,26,5.983084
-1.01,2,5.991088
0.91,10,6.029116
-1.0699999,8,6.062137
-1.1,11,6.098765
0.79999995,21,6.175838
-1.03,4,6.188844
-1.04,5,6.20886
0.93,8,6.240378
-1.05,6,6.256398
-1.02,3,6.266905
0.89,12,6.315435
-1.01,2,6.32294
0.78999996,22,6.396485
-1.04,5,6.416499
-1.04,5,6.439015
0.74,27,6.541588
-1.03,4,6.558095
0.76,25,6.659662
-1.02,3,6.67217
-1.01,2,6.679676
-0.29999998,30,6.800775
0.78999996,22,6.872339
0.88,13,6.927375
0.78,23,7.019451
-1.16,17,7.094979
-1.21,22,7.174539
-1.1,11,7.221573
-1.02,3,7.235589
-1.01,2,7.244598
-1.02,3,7.256105
0.81,20,7.325655
-1.03,4,7.341672
0.72,29,7.428733
-1.02,3,7.436738
-0.29999998,30,7.557467
0.79999995,21,7.621514
-0.29999998,30,7.72058
-1.01,2,7.729087
0.89,12,7.761107
-0.29999998,30,7.864691
-1.2,21,7.939748
-0.29999998,30,8.047322
-1.03,4,8.058328
-0.29999998,30,8.150383
-1.16,17,8.205415
0.83,18,8.260949
-0.29999998,30,8.338006
0.95,6,8.354014
-1.03,4,8.36402
-1.01,2,8.371532
-1.1,11,8.414625
-1.05,6,8.432639
-1.02,3,8.443648
0.72,29,8.548224
-0.29999998,30,8.655299
-1.2,21,8.724853
-1.02,3,8.736859
0.93,8,8.771385
-0.29999998,30,8.868577
-1.13,14,8.907604
-0.29999998,30,9.01968
-1.01,2,9.02718
0.83,18,9.073714
0.92,9,9.097229
0.87,14,9.143266
-0.29999998,30,9.255841
-0.29999998,30,9.348893
-1.01,2,9.357045
-1.12,13,9.399112
-0.29999998,30,9.494675
-1.01,2,9.504682
0.83,18,9.569723
0.87,14,9.610753
0.85,16,9.65678
-1.12,13,9.706815
-0.29999998,30,9.815035
0.86,15,9.868579
-1.03,4,9.885085
-0.29999998,30,9.976646
0.71000004,30,10.076209
-1.01,2,10.080667
0.90000004,11,10.122196
0.81,20,10.190241
-0.29999998,30,10.308815
0.86,15,10.356848
-0.29999998,30,10.475419
0.72,29,10.583998
0.86,15,10.631393
0.91,10,10.660586
0.75,26,10.731135
0.83,18,10.793679
0.75,26,10.869735
-1.01,2,10.874735
0.93,8,10.897254
-0.29999998,30,10.985322
0.88,13,11.02685
0.81,20,11.084888
-1.01,2,11.090397
-1.01,2,11.097405
0.86,15,11.143672
-0.29999998,30,11.23624
-1.0699999,8,11.262754
-1.01,2,11.270762
0.88,13,11.303284
0.87,14,11.342812
0.90000004,11,11.375833
-1.15,16,11.42036
-0.29999998,30,11.516935
0.76,25,11.591599
0.88,13,11.630131
0.82,19,11.694676
0.87,14,11.739708
-0.29999998,30,11.833773
-1.12,13,11.873487
-1.05,6,11.894504
-0.29999998,30,11.992091
-0.29999998,30,12.082648
0.94,7,12.103666
0.93,8,12.127699
0.87,14,12.174239
-0.29999998,30,12.271801
-0.29999998,30,12.360886
-0.29999998,30,12.461952
-0.29999998,30,12.56079
-0.29999998,30,12.655855
-1.05,6,12.674868
0.93,8,12.701883
-1.01,2,12.709391
0.79999995,21,12.773448
0.85,16,12.824992
0.78,23,12.900542
-0.29999998,30,12.997755
0.90000004,11,13.03227
-0.29999998,30,13.132842
-0.29999998,30,13.22191
-1.01,2,13.226409
-1.13,14,13.272445
0.86,15,13.322981
-0.29999998,30,13.409037
0.77,24,13.48559
-0.29999998,30,13.582154
0.91,10,13.611675
0.76,25,13.69023
-0.29999998,30,13.785792
-0.29999998,30,13.872353
-1.01,2,13.877353
-0.29999998,30,13.977927
0.76,25,14.061486
-1.0699999,8,14.086499
0.74,27,14.176064
-0.29999998,30,14.272701
-0.29999998,30,14.369379
-1.09,10,14.402426
-1.02,3,14.411433
-0.29999998,30,14.507514
0.88,13,14.550555
-0.29999998,30,14.644131
0.72,29,14.742722
0.78999996,22,14.811273
-0.29999998,30,14.901843
0.87,14,14.947888
-1.02,3,14.956395
-0.29999998,30,15.054968
-1.05,6,15.069979
-1.03,4,15.080986
0.79999995,21,15.14404
-0.29999998,30,15.236757
-1.04,5,15.252764
0.87,14,15.300299
-0.29999998,30,15.396374
0.71000004,30,15.489936
-0.29999998,30,15.590492
0.78,23,15.667188
-0.29999998,30,15.766243
-0.29999998,30,15.855307
0.83,18,15.908591
-1.04,5,15.925599
-0.29999998,30,16.028169
-0.29999998,30,16.132892
0.73,28,16.236466
0.91,10,16.262987
-0.29999998,30,16.361053
-1.13,14,16.399583
-0.29999998,30,16.48515
0.94,7,16.504164
-0.29999998,30,16.591643
0.91,10,16.621166
-1.02,3,16.628666
-1.04,5,16.64118
-1.01,2,16.64718
-0.29999998,30,16.737244
-0.29999998,30,16.8248
-0.29999998,30,16.917862
-1.02,3,16.92737
-0.29999998,30,17.02375
-0.29999998,30,17.109801
-0.29999998,30,17.199869
-0.29999998,30,17.287427
-0.29999998,30,17.374985
-0.29999998,30,17.462226
-0.29999998,30,17.545289
-0.29999998,30,17.631353
-0.29999998,30,17.721408
0.76,25,17.791954
-0.29999998,30,17.877515
-0.29999998,30,17.995238
0.76,25,18.071789
-0.29999998,30,18.158846
0.94,7,18.177863
-0.29999998,30,18.267429
-0.29999998,30,18.362075
-0.29999998,30,18.450212
-0.29999998,30,18.536767
0.93,8,18.558781
0.77,24,18.629833
-0.29999998,30,18.716461
-0.29999998,30,18.815037
0.88,13,18.857585
-0.29999998,30,18.950649
0.72,29,19.031699
-0.29999998,30,19.118264
-0.29999998,30,19.20532
-0.29999998,30,19.293876
-0.29999998,30,19.384968
-0.29999998,30,19.485032
-0.29999998,30,19.573588
-1.09,10,19.605108
-0.29999998,30,19.708703
-0.29999998,30,19.805372
-0.29999998,30,19.892426
-0.29999998,30,19.998012
-0.29999998,30,20.083581
-0.29999998,30,20.171151
-0.29999998,30,20.265718
-0.29999998,30,20.35979
-0.29999998,30,20.478367
-0.29999998,30,20.563925
-0.29999998,30,20.651497
-0.29999998,30,20.743755
-0.29999998,30,20.831808
-0.29999998,30,20.922873
-0.29999998,30,21.010931
-0.29999998,30,21.127535
-0.29999998,30,21.213093
-0.29999998,30,21.300649
-0.29999998,30,21.388206
0.76,25,21.471766
-0.29999998,30,21.557823
-0.29999998,30,21.646463
-0.29999998,30,21.733524
-0.29999998,30,21.822583
-0.29999998,30,21.91966
0.74,27,21.998209
-0.29999998,30,22.084818
0.88,13,22.129869
-0.29999998,30,22.216926
-0.29999998,30,22.305494
-0.29999998,30,22.394565
-0.29999998,30,22.483722
-0.29999998,30,22.569787
-0.29999998,30,22.66835
-0.29999998,30,22.756428
-0.29999998,30,22.842996
-0.29999998,30,22.936046
-0.29999998,30,23.023109
-0.29999998,30,23.108347
-0.29999998,30,23.196909
-0.29999998,30,23.289476
-0.29999998,30,23.375038
-0.29999998,30,23.461358
-0.29999998,30,23.551924
-0.29999998,30,23.638982
-0.29999998,30,23.725044
-0.29999998,30,23.810603
-0.29999998,30,23.902177
-0.29999998,30,23.985228
-0.29999998,30,24.073802
-1.03,4,24.08481
-0.29999998,30,24.173883
-0.29999998,30,24.262456
-0.29999998,30,24.349014
-0.29999998,30,24.433692
-0.29999998,30,24.521755
-0.29999998,30,24.611156
-0.29999998,30,24.698208
-0.29999998,30,24.784408
-0.29999998,30,24.874459
-0.29999998,30,24.96051
-0.29999998,30,25.048569
-0.29999998,30,25.133626
-0.29999998,30,25.229794
-0.29999998,30,25.318847
-1.12,13,25.35537
-0.29999998,30,25.442422
-0.29999998,30,25.53198
-0.29999998,30,25.618031
-0.29999998,30,25.706083
-0.29999998,30,25.796641
0.82,19,25.852173
-0.29999998,30,25.937725
-0.29999998,30,26.024784
-0.29999998,30,26.112836
-0.29999998,30,26.200025
-0.29999998,30,26.291585
-0.29999998,30,26.377138
-0.29999998,30,26.464697
-0.29999998,30,26.5614
-0.29999998,30,26.645952
-0.29999998,30,26.735503
0.71000004,30,26.823563
0.82,19,26.878594
0.87,14,26.92312
0.81,20,26.97866
0.87,14,27.018186
0.88,13,27.057712
-0.29999998,30,27.143765
0.86,15,27.191791
0.87,14,27.234316
-0.29999998,30,27.321368
-0.29999998,30,27.403919
-0.29999998,30,27.494122
0.74,27,27.572667
0.75,26,27.65972
0.87,14,27.708752
0.75,26,27.800803
-0.29999998,30,27.896354
-1.14,15,27.943017
0.88,13,27.978544
0.91,10,28.005557
-0.29999998,30,28.118122
0.73,28,28.244687
-0.29999998,30,28.364261
0.73,28,28.487834
-1.12,13,28.543373
0.84000003,17,28.617471
-0.29999998,30,28.723154
0.95,6,28.741167
0.90000004,11,28.7867
0.83,18,28.854388
-0.29999998,30,28.966459
0.71000004,30,29.065669
-0.29999998,30,29.184246
-0.29999998,30,29.319429
-0.29999998,30,29.438506
0.73,28,29.554577
-0.29999998,30,29.677154
-0.29999998,30,29.803732
-0.29999998,30,29.906797
-0.29999998,30,30.035874
-0.29999998,30,30.161453
-0.29999998,30,30.284492
-1.1800001,19,30.35904
0.92,9,30.395059
-0.29999998,30,30.513625
0.85,16,30.589685
0.74,27,30.689893
0.93,8,30.722913
-1.04,5,30.741926
0.78,23,30.84699
0.88,13,30.901522
0.86,15,30.964061
0.93,8,30.992093
0.90000004,11,31.038619
0.84000003,17,31.105664
0.90000004,11,31.146191
0.92,9,31.17821
0.93,8,31.217229
0.94,7,31.246748
0.95,6,31.273267
0.95,6,31.29778
0.88,13,31.359819
0.95,6,31.382832
0.95,6,31.400345
0.93,8,31.430365
0.94,7,31.464884
0.95,6,31.490397
0.94,7,31.519919
0.95,6,31.542932
0.95,6,31.573501
0.95,6,31.603643
0.95,6,31.630163
0.95,6,31.653178
0.95,6,31.681698
0.95,6,31.708709
0.95,6,31.73723
0.95,6,31.762746
0.95,6,31.790767
0.95,6,31.816281
0.95,6,31.844301
0.95,6,31.872326
0.89,12,31.921355
0.95,6,31.947373
0.95,6,31.976892
0.95,6,32.002548
0.95,6,32.030074
0.95,6,32.056589
0.95,6,32.082113
0.95,6,32.10113
0.95,6,32.126146
0.95,6,32.14916
0.94,7,32.173177
0.95,6,32.193188
0.95,6,32.223212
0.95,6,32.245727
0.95,6,32.274249
0.93,8,32.306273
0.95,6,32.327789
0.95,6,32.355808
0.95,6,32.380322
0.93,8,32.411347
0.95,6,32.439364
0.95,6,32.467385
0.94,7,32.48941
0.92,9,32.515944
0.93,8,32.549966
0.87,14,32.599017
-1.03,4,32.613024
-1.04,5,32.629574
0.90000004,11,32.675604
0.93,8,32.710133
0.95,6,32.736646
0.95,6,32.76317
0.95,6,32.790685
0.92,9,32.826824
0.91,10,32.872358
0.74,27,32.991094
0.90000004,11,33.042439
0.95,6,33.070964
0.95,6,33.100486
0.95,6,33.127506
0.92,9,33.168539
0.95,6,33.196065
0.95,6,33.222085
0.89,12,33.260613
0.95,6,33.288639
0.92,9,33.329174
0.91,10,33.373171
0.95,6,33.399187
0.93,8,33.434718
0.93,8,33.473237
0.93,8,33.50977
0.95,6,33.53665
0.95,6,33.564166
0.93,8,33.5987
0.95,6,33.625961
0.94,7,33.656989
0.95,6,33.680004
0.95,6,33.698017
0.95,6,33.720531
0.95,6,33.743546
0.95,6,33.764051
0.95,6,33.790076
0.95,6,33.815592
0.95,6,33.845117
0.91,10,33.88515
0.95,6,33.907524
0.90000004,11,33.954415
-1.03,4,33.966422
0.95,6,33.989944
0.95,6,34.016507
0.95,6,34.044531
0.95,6,34.070549
0.95,6,34.094072
0.95,6,34.123587
0.93,8,34.158623
0.95,6,34.187143
0.95,6,34.215669
0.95,6,34.246693
0.95,6,34.274209
0.95,6,34.300793
0.95,6,34.32938
0.92,9,34.37141
0.95,6,34.397934
0.95,6,34.421947
0.95,6,34.451502
0.92,9,34.496027
0.93,8,34.520546
0.95,6,34.539058
0.95,6,34.568083
0.95,6,34.595095
0.88,13,34.651814
0.88,13,34.706351
0.90000004,11,34.757621
0.95,6,34.779646
0.94,7,34.80367
-0.29999998,30,34.910758
0.95,6,34.93329
0.90000004,11,34.971815
0.95,6,34.994838
0.94,7,35.015854
0.95,6,35.036367
0.92,9,35.065893
0.94,7,35.090929
0.94,7,35.119951
0.92,9,35.151485
0.91,10,35.186337
0.94,7,35.20886
0.91,10,35.248896
0.89,12,35.292591
0.91,10,35.326623
0.92,9,35.361652
0.93,8,35.388679
0.93,8,35.417209
0.94,7,35.440734
0.95,6,35.461251
0.93,8,35.491789
0.94,7,35.516806
0.93,8,35.543835
0.90000004,11,35.580867
0.93,8,35.611899
0.95,6,35.632913
0.95,6,35.653435
0.93,8,35.6798
0.92,9,35.711329
0.94,7,35.738349
0.95,6,35.759366
0.95,6,35.776879
0.93,8,35.804899
0.95,6,35.825413
0.92,9,35.854938
0.95,6,35.877471
0.94,7,35.901488
0.93,8,35.929004
0.94,7,35.953037
0.94,7,35.97556
0.95,6,35.998585
0.95,6,36.019608
0.94,7,36.04213
0.95,6,36.062156
0.95,6,36.082188
0.93,8,36.114251
0.93,8,36.143281
0.94,7,36.165288
0.95,6,36.18531
0.95,6,36.207833
0.95,6,36.226832
0.95,6,36.253357
0.94,7,36.275371
0.95,6,36.297903
0.93,8,36.324422
0.93,8,36.349943
0.93,8,36.378687
0.95,6,36.401206
0.95,6,36.421227
0.94,7,36.443745
0.93,8,36.470773
0.93,8,36.5053
0.95,6,36.525818
0.94,7,36.548841
0.91,10,36.581882
0.94,7,36.611903
0.95,6,36.632923
0.94,7,36.655947
0.95,6,36.675967
0.93,8,36.706494
0.93,8,36.733022
0.95,6,36.75854
0.95,6,36.779067
0.93,8,36.807585
0.93,8,36.834117
0.93,8,36.86264
0.95,6,36.883166
0.95,6,36.906183
0.93,8,36.933211
0.93,8,36.95873
0.94,7,36.981292
0.93,8,37.014819
0.94,7,37.039569
0.94,7,37.062586
0.95,6,37.082603
0.93,8,37.114629
0.94,7,37.141664
0.95,6,37.161679
0.94,7,37.185199
0.95,6,37.208215
0.94,7,37.231736
0.93,8,37.263264
0.95,6,37.283784
0.95,6,37.306817
0.95,6,37.326327
-1.02,3,37.335838
0.93,8,37.362871
-1.01,2,37.37538
0.94,7,37.397906
0.95,6,37.419423
0.93,8,37.44646
0.89,12,37.487493
0.95,6,37.508506
0.91,10,37.541042
0.94,7,37.564562
0.92,9,37.596097
0.85,16,37.655152
0.92,9,37.685182
0.92,9,37.717207
0.93,8,37.746727
0.93,8,37.775766
0.94,7,37.799284
0.95,6,37.821131
0.93,8,37.849654
0.92,9,37.883183
0.95,6,37.902702
0.94,7,37.927729
0.94,7,37.953246
0.92,9,37.984279
0.94,7,38.011306
0.95,6,38.031324
0.89,12,38.066916
0.94,7,38.090427
0.95,6,38.112944
0.95,6,38.135464
0.93,8,38.163513
0.92,9,38.192539
0.95,6,38.214067
0.95,6,38.234584
0.95,6,38.263619
0.95,6,38.28364
0.95,6,38.303149
0.95,6,38.323665
0.95,6,38.34519
0.95,6,38.365213
0.95,6,38.388631
0.94,7,38.417719
0.95,6,38.438734
0.95,6,38.458755
0.95,6,38.478772
0.95,6,38.499299
0.95,6,38.523811
0.95,6,38.544331
0.95,6,38.564351
0.95,6,38.583868
0.95,6,38.605886
-1.03,4,38.620405
0.95,6,38.644423
0.95,6,38.661938
0.95,6,38.680946
0.95,6,38.700966
0.95,6,38.723476
0.93,8,38.750005
0.95,6,38.775029
0.95,6,38.795047
0.95,6,38.81774
0.93,8,38.843772
0.95,6,38.864792
0.95,6,38.886811
0.95,6,38.908331
0.93,8,38.936363
0.94,7,38.960923
0.95,6,38.981074
0.95,6,39.000584
0.95,6,39.0251
0.95,6,39.044122
0.95,6,39.062136
0.93,8,39.086152
0.95,6,39.104661
0.95,6,39.130171
0.95,6,39.151685
0.95,6,39.171715
0.95,6,39.192241
0.95,6,39.211753
0.95,6,39.230769
0.95,6,39.25279
0.95,6,39.276304
0.95,6,39.297819
0.95,6,39.320839
0.95,6,39.340849
0.95,6,39.359864
0.95,6,39.38188
0.93,8,39.410898
0.93,8,39.440465
0.95,6,39.460482
0.95,6,39.482001
0.94,7,39.504017
0.95,6,39.526032
0.95,6,39.545051
0.95,6,39.566571
0.95,6,39.585577
0.95,6,39.605087
0.95,6,39.626106
0.94,7,39.652627
0.94,7,39.676126
0.93,8,39.69764
0.95,6,39.716657
0.95,6,39.74018
0.94,7,39.763686
0.95,6,39.78671
0.95,6,39.806729
0.95,6,39.829748
0.95,6,39.850268
0.95,6,39.870282
0.95,6,39.891301
0.95,6,39.915319
0.95,6,39.935838
0.95,6,39.956358
0.95,6,39.976379
0.95,6,39.997903
0.95,6,40.021697
0.95,6,40.043951
0.95,6,40.069975
0.95,6,40.089985
0.95,6,40.114006
0.95,6,40.137517
0.95,6,40.159533
0.91,10,40.203067
0.95,6,40.227088
0.95,6,40.249597
0.95,6,40.269612
0.95,6,40.297626
0.95,6,40.315133
0.95,6,40.33465
0.95,6,40.354166
0.95,6,40.382194
0.95,6,40.403207
0.95,6,40.419723
0.95,6,40.444741
-1.01,2,40.452253
0.95,6,40.475761
0.95,6,40.508789
0.95,6,40.533813
0.95,6,40.558829
0.95,6,40.583849
0.95,6,40.60787
0.95,6,40.636047
0.95,6,40.662065
0.95,6,40.687582
0.93,8,40.721615
0.95,6,40.749637
0.95,6,40.769656
0.95,6,40.790669
0.93,8,40.813684
0.95,6,40.832197
0.91,10,40.873221
0.95,6,40.890727
0.95,6,40.910736
0.94,7,40.937722
0.95,6,40.965816
0.94,7,40.99233
-1.04,5,41.01085
0.95,6,41.044284
0.94,7,41.080329
0.95,6,41.109837
0.95,6,41.151465
0.92,9,41.203007
0.92,9,41.257512
0.93,8,41.311057
0.94,7,41.340574
0.94,7,41.365588
0.95,6,41.3891
0.95,6,41.410114
0.95,6,41.430615
0.95,6,41.451623
0.95,6,41.479633
0.95,6,41.506148
0.95,6,41.524661
0.95,6,41.548661
0.95,6,41.570182
0.95,6,41.590187
0.93,8,41.621196
0.95,6,41.641699
0.95,6,41.672211
0.95,6,41.692574
0.92,9,41.721463
0.95,6,41.745463
0.95,6,41.768978
0.95,6,41.793502
0.93,8,41.823009
0.95,6,41.842518
0.95,6,41.864041
0.95,6,41.884058
0.94,7,41.91093
0.94,7,41.936943
0.95,6,41.959974
0.95,6,41.981489
0.93,8,42.012513
0.94,7,42.032022
0.95,6,42.061045
0.95,6,42.080561
0.92,9,42.111087
0.94,7,42.142612
0.94,7,42.169631
0.91,10,42.205157
0.88,13,42.248186
0.95,6,42.268203
0.95,6,42.289717
0.94,7,42.315729
0.93,8,42.347252
0.95,6,42.376777
0.95,6,42.397789
0.95,6,42.419807
0.95,6,42.446829
0.95,6,42.471347
0.95,6,42.497279
0.94,7,42.518799
0.95,6,42.539345
0.95,6,42.561362
0.95,6,42.58143
0.95,6,42.601943
0.93,8,42.627966
0.95,6,42.645481
0.95,6,42.668998
0.92,9,42.70002
0.89,12,42.738547
0.89,12,42.78408
0.94,7,42.818107
0.89,12,42.857636
0.92,9,42.887661
0.92,9,42.915815
0.90000004,11,42.959346
0.92,9,42.994873
0.93,8,43.018885
0.90000004,11,43.055919
0.94,7,43.080934
0.95,6,43.102951
0.95,6,43.124467
0.94,7,43.147992
0.95,6,43.176006
0.93,8,43.213032
-1.04,5,43.227037
0.95,6,43.249557
0.95,6,43.279586
0.93,8,43.306609
0.95,6,43.326621
0.93,8,43.354136
0.95,6,43.381663
0.95,6,43.401676
0.95,6,43.421189
0.95,6,43.442705
0.95,6,43.465719
0.95,6,43.484235
0.95,6,43.509263
0.95,6,43.536321
0.95,6,43.568346
0.95,6,43.588361
0.95,6,43.607868
0.95,6,43.632388
0.95,6,43.654403
0.95,6,43.675418
0.95,6,43.702439
0.95,6,43.728464
0.95,6,43.752482
0.95,6,43.775497
0.95,6,43.795014
0.93,8,43.822036
0.95,6,43.842123
0.93,8,43.877278
0.95,6,43.894802
0.94,7,43.922317
0.95,6,43.953845
0.95,6,43.977877
0.95,6,43.997392
0.94,7,44.019928
0.93,8,44.048446
0.95,6,44.068969
0.95,6,44.091
0.95,6,44.11053
0.93,8,44.144562
0.94,7,44.16959
0.95,6,44.202615
0.95,6,44.226638
0.95,6,44.254167
0.95,6,44.276333
0.95,6,44.29436
0.95,6,44.317381
0.95,6,44.345925
0.95,6,44.369443
0.95,6,44.397464
0.95,6,44.419483
0.95,6,44.441518
0.95,6,44.464039
0.95,6,44.485564
0.95,6,44.506597
0.95,6,44.533672
0.95,6,44.554194
0.95,6,44.580716
0.95,6,44.605235
0.95,6,44.630762
0.93,8,44.657289
0.95,6,44.67832
0.95,6,44.701354
0.95,6,44.722882
0.95,6,44.741894
0.95,6,44.763427
0.95,6,44.786476
0.94,7,44.816501
0.95,6,44.842516
0.93,8,44.868038
0.95,6,44.88607
0.95,6,44.906082
0.95,6,44.924109
0.93,8,44.948152
0.95,6,44.971171
0.95,6,44.994201
0.95,6,45.013731
0.95,6,45.033255
0.95,6,45.053753
0.95,6,45.084863
0.95,6,45.105881
0.95,6,45.124898
0.95,6,45.147925
0.94,7,45.173959
0.94,7,45.209504
0.94,7,45.233023
0.94,7,45.255043
0.95,6,45.279072
0.94,7,45.303594
0.95,6,45.324615
0.95,6,45.345139
0.95,6,45.373178
0.95,6,45.392196
0.95,6,45.411721
0.95,6,45.438262
0.94,7,45.463772
0.94,7,45.486789
0.95,6,45.505311
0.95,6,45.523831
0.95,6,45.546839
0.95,6,45.565356
0.95,6,45.583367
0.95,6,45.602383
-1.01,2,45.610393
0.95,6,45.631577
0.95,6,45.653099
0.95,6,45.675121
0.95,6,45.698642
0.94,7,45.723652
0.94,7,45.750177
0.95,6,45.772207
0.95,6,45.794238
0.90000004,11,45.829764
-1.03,4,45.844787
0.95,6,45.868831
0.93,8,45.897346
0.95,6,45.91786
0.90000004,11,45.955541
0.92,9,45.985571
-1.06,7,46.012597
0.90000004,11,46.048153
0.92,9,46.07919
0.95,6,46.098209
0.93,8,46.131756
0.94,7,46.153274
0.95,6,46.171297
0.94,7,46.195823
0.95,6,46.218342
0.92,9,46.253873
0.95,6,46.273895
0.95,6,46.294415
0.90000004,11,46.332459
0.93,8,46.359473
0.92,9,46.385504
0.95,6,46.406527
0.95,6,46.429049
0.95,6,46.447569
0.95,6,46.467586
0.95,6,46.485595
0.93,8,46.512628
0.95,6,46.53215
0.95,6,46.550166
0.95,6,46.567725
0.95,6,46.595322
0.95,6,46.615342
0.95,6,46.635367
0.95,6,46.655388
0.95,6,46.676406
0.95,6,46.698925
0.95,6,46.720941
0.95,6,46.740959
0.95,6,46.761982
0.95,6,46.78
0.95,6,46.800014
0.93,8,46.824043
0.95,6,46.849061
0.95,6,46.870581
0.95,6,46.8886
0.95,6,46.908118
0.95,6,46.929641
0.95,6,46.94916
0.95,6,46.970678
0.95,6,46.990147
0.95,6,47.012759
0.95,6,47.031778
0.95,6,47.05029
0.95,6,47.070808
0.95,6,47.093827
0.95,6,47.114346
0.95,6,47.133868
0.95,6,47.15289
0.95,6,47.173409
0.95,6,47.191931
0.95,6,47.217949
0.95,6,47.240966
0.95,6,47.265494
0.95,6,47.286511
0.93,8,47.311537
0.95,6,47.329554
0.95,6,47.353572
0.95,6,47.373586
0.95,6,47.390609
0.95,6,47.411631
0.95,6,47.434652
0.95,6,47.453167
0.94,7,47.477176
0.95,6,47.497202
0.94,7,47.521223
0.95,6,47.541739
0.95,6,47.561258
0.95,6,47.57978
0.95,6,47.602308
0.93,8,47.626327
0.95,6,47.645346
0.90000004,11,47.682373
0.95,6,47.703394
0.94,7,47.729923
0.95,6,47.749945
0.95,6,47.770466
0.95,6,47.792483
-1.05,6,47.812005
0.95,6,47.829513
0.95,6,47.848033
0.95,6,47.870552
0.95,6,47.891073
0.95,6,47.910093
0.95,6,47.929116
0.95,6,47.962051
0.91,10,47.996074
0.94,7,48.019104
0.95,6,48.038616
0.94,7,48.061649
-1.01,2,48.067149
0.94,7,48.091163
0.93,8,48.12219
0.95,6,48.144211
-1.04,5,48.157738
0.91,10,48.188767
0.91,10,48.223465
0.93,8,48.250492
0.93,8,48.275009
0.93,8,48.300029
0.92,9,48.329057
0.91,10,48.365596
0.93,8,48.39111
0.89,12,48.429158
0.95,6,48.450176
0.91,10,48.485196
0.95,6,48.506215
0.95,6,48.526741
0.95,6,48.543761
0.95,6,48.564782
0.95,6,48.584796
0.95,6,48.608826
0.95,6,48.630845
0.93,8,48.661361
0.95,6,48.679361
0.95,6,48.697379
0.95,6,48.714901
0.95,6,48.73749
0.93,8,48.764519
0.95,6,48.78403
0.95,6,48.803551
0.95,6,48.825068
0.95,6,48.844087
0.95,6,48.864606
0.95,6,48.885126
0.92,9,48.915143
0.95,6,48.935164
0.95,6,48.955181
0.95,6,48.973188
0.95,6,48.994202
0.95,6,49.011719
0.95,6,49.033234
0.95,6,49.05325
0.95,6,49.073268
0.94,7,49.095285
0.95,6,49.117311
0.95,6,49.138328
0.95,6,49.158849
0.94,7,49.181868
0.95,6,49.19989
0.95,6,49.219907
0.95,6,49.244427
0.95,6,49.264446
0.95,6,49.284961
0.93,8,49.308598
0.95,6,49.329622
0.95,6,49.347645
0.95,6,49.367659
0.95,6,49.38918
0.95,6,49.412199
0.95,6,49.433721
0.95,6,49.452744
0.94,7,49.473267
0.95,6,49.495207
0.95,6,49.515728
0.95,6,49.535245
0.95,6,49.552764
0.95,6,49.575785
0.95,6,49.594306
0.95,6,49.613815
0.95,6,49.634326
0.95,6,49.657358
0.95,6,49.676369
0.95,6,49.693888
0.95,6,49.714466
0.93,8,49.743568
0.95,6,49.763095
0.95,6,49.782104
0.95,6,49.801121
0.95,6,49.820139
0.95,6,49.839158
0.95,6,49.860176
0.95,6,49.880195
0.95,6,49.899711
0.95,6,49.917224
0.95,6,49.938243
0.95,6,49.956263
0.95,6,49.977783
0.95,6,50.000803
0.95,6,50.022824
0.95,6,50.046352
0.94,7,50.070367
0.94,7,50.09089
0.95,6,50.11291
0.95,6,50.132932
0.94,7,50.158453
0.95,6,50.177475
0.95,6,50.196491
0.94,7,50.217014
0.95,6,50.242536
0.95,6,50.264555
0.95,6,50.285074
0.95,6,50.302593
0.95,6,50.323116
0.95,6,50.343637
0.95,6,50.362161
0.95,6,50.382676
0.95,6,50.404694
0.95,6,50.423714
0.93,8,50.447238
0.95,6,50.467265
0.95,6,50.491772
0.95,6,50.513786
-1.01,2,50.519799
0.95,6,50.543314
0.94,7,50.567831
0.95,6,50.587847
0.95,6,50.60587
0.95,6,50.626896
0.94,7,50.652916
0.95,6,50.673117
0.95,6,50.692136
0.95,6,50.711658
0.93,8,50.741189
0.95,6,50.759205
0.95,6,50.782231
0.95,6,50.802253
0.95,6,50.824271
0.92,9,50.852799
0.91,10,50.885334
0.91,10,50.920371
0.84000003,17,50.981931
0.83,18,51.048491
0.90000004,11,51.084013
0.78,23,51.167585
0.95,6,51.190613
0.95,6,51.211632
0.95,6,51.232148
0.94,7,51.256179
0.95,6,51.2787
-1.03,4,51.291711
0.95,6,51.311733
0.95,6,51.330755
0.95,6,51.355774
0.95,6,51.377798
0.95,6,51.396823
0.95,6,51.415342
0.95,6,51.438859
0.95,6,51.461396
0.95,6,51.479778
0.95,6,51.501322
0.95,6,51.523842
0.95,6,51.543861
0.95,6,51.564881
0.95,6,51.584901
0.95,6,51.60842
0.95,6,51.62844
0.95,6,51.648957
0.95,6,51.668474
0.95,6,51.693494
0.94,7,51.719521
0.95,6,51.738045
0.93,8,51.766062
0.95,6,51.791092
0.95,6,51.814611
0.95,6,51.836128
0.95,6,51.858642
0.95,6,51.882159
0.95,6,51.90218
0.95,6,51.920699
0.95,6,51.941217
0.95,6,51.96424
0.95,6,51.982759
0.93,8,52.008781
0.94,7,52.035972
0.94,7,52.065509
0.95,6,52.084537
0.95,6,52.111062
0.95,6,52.1401
0.93,8,52.178652
0.93,8,52.215199
0.95,6,52.242241
0.95,6,52.270272
0.95,6,52.29581
0.95,6,52.322335
0.95,6,52.346873
0.95,6,52.366889
0.95,6,52.39742
0.95,6,52.42296
0.95,6,52.450692
0.91,10,52.49374
0.95,6,52.521266
0.95,6,52.545013
0.95,6,52.573543
0.95,6,52.59808
0.95,6,52.626478
0.95,6,52.648123
0.93,8,52.685177
0.93,8,52.716214
0.93,8,52.755767
0.95,6,52.787309
0.95,6,52.808833
0.94,7,52.834361
0.95,6,52.861397
0.95,6,52.888923
0.95,6,52.909945
0.95,6,52.93698
0.92,9,52.977035
0.95,6,53.001564
0.95,6,53.025087
0.93,8,53.062646
0.95,6,53.094186
0.95,6,53.121218
0.95,6,53.151263
0.95,6,53.181301
0.95,6,53.202322
0.94,7,53.226848
0.95,6,53.25039
0.95,6,53.276413
0.94,7,53.306447
0.95,6,53.325968
0.95,6,53.34899
0.95,6,53.374004
0.95,6,53.402251
0.95,6,53.426783
0.95,6,53.450313
0.95,6,53.475831
0.95,6,53.506868
0.95,6,53.528386
-1.01,2,53.5369
0.95,6,53.561424
0.95,6,53.590468
0.95,6,53.614994
-1.01,2,53.62401
0.94,7,53.654049
0.95,6,53.678068
0.95,6,53.699084
0.95,6,53.718106
0.95,6,53.745648
0.95,6,53.773684
0.95,6,53.804773
0.93,8,53.83639
0.95,6,53.86492
0.93,8,53.899468
0.95,6,53.928493
0.95,6,53.956537
-1.01,2,53.966552
0.95,6,53.997095
0.95,6,54.022622
0.95,6,54.051656
0.95,6,54.079698
0.95,6,54.108225
0.95,6,54.13677
0.95,6,54.167317
0.95,6,54.191839
0.95,6,54.218374
0.95,6,54.242388
0.93,8,54.271426
0.95,6,54.292942
0.95,6,54.325482
0.95,6,54.344502
0.95,6,54.371031
0.94,7,54.403584
0.95,6,54.437133
0.95,6,54.464163
0.95,6,54.492699
0.94,7,54.523745
0.95,6,54.552787
0.94,7,54.577809
0.95,6,54.602338
0.95,6,54.626868
0.95,6,54.657912
0.95,6,54.691454
0.95,6,54.716981
0.95,6,54.741017
0.95,6,54.763702
-1.02,3,54.772709
0.95,6,54.802751
0.95,6,54.831278
0.95,6,54.853796
0.95,6,54.883336
0.95,6,54.902855
0.95,6,54.929394
0.95,6,54.957917
-1.03,4,54.974445
0.95,6,55.003484
0.94,7,55.035518
0.95,6,55.067563
0.93,8,55.099601
0.95,6,55.124126
0.95,6,55.144144
0.95,6,55.173036
0.95,6,55.193555
0.95,6,55.214074
-1.03,4,55.227088
0.94,7,55.261136
0.93,8,55.29969
0.95,6,55.329234
0.93,8,55.366779
0.94,7,55.401322
0.91,10,55.446889
0.95,6,55.471416
0.94,7,55.501454
0.91,10,55.534489
0.92,9,55.561014
-1.04,5,55.577526
0.93,8,55.601054
0.95,6,55.621069
-1.12,13,55.665129
0.93,8,55.691134
0.91,10,55.732696
0.95,6,55.756716
0.94,7,55.785759
0.95,6,55.810289
0.95,6,55.837835
0.93,8,55.87188
0.94,7,55.901422
0.95,6,55.927466
0.93,8,55.955488
0.95,6,55.983028
0.95,6,56.008057
0.95,6,56.032093
0.95,6,56.058631
0.95,6,56.07815
0.95,6,56.098177
0.94,7,56.123356
0.95,6,56.149394
0.95,6,56.177421
0.93,8,56.20946
0.95,6,56.232491
0.94,7,56.254009
0.95,6,56.277181
0.95,6,56.303708
0.93,8,56.333749
0.95,6,56.351766
-1.01,2,56.360783
0.95,6,56.386812
0.95,6,56.411847
0.94,7,56.440377
0.95,6,56.465419
-1.01,2,56.471416
0.95,6,56.494449
0.95,6,56.513455
0.93,8,56.545487
0.95,6,56.572028
0.94,7,56.603569
0.95,6,56.628596
0.95,6,56.655133
0.93,8,56.690675
0.95,6,56.717718
0.93,8,56.746248
0.95,6,56.773283
0.95,6,56.791811
0.95,6,56.816839
0.95,6,56.843384
0.95,6,56.869411
0.95,6,56.89645
0.93,8,56.92649
0.95,6,56.945002
0.95,6,56.965523
0.95,6,56.98906
0.95,6,57.013585
0.95,6,57.039615
0.95,6,57.067654
0.93,8,57.100693
0.95,6,57.125236
0.95,6,57.148768
0.95,6,57.174019
0.95,6,57.190543
0.95,6,57.218084
0.94,7,57.248128
0.95,6,57.275162
-1.01,2,57.281165
0.95,6,57.307732
0.95,6,57.334768
0.95,6,57.361319
0.95,6,57.387353
0.95,6,57.417391
0.95,6,57.444941
0.95,6,57.468469
0.95,6,57.487272
0.93,8,57.512293
0.93,8,57.538333
0.95,6,57.564862
0.95,6,57.588394
0.95,6,57.612417
0.95,6,57.638449
0.95,6,57.665991
0.95,6,57.692536
0.95,6,57.717054
0.95,6,57.735572
0.94,7,57.766118
0.95,6,57.789637
0.93,8,57.823685
0.95,6,57.850724
0.95,6,57.870741
0.95,6,57.887262
0.93,8,57.911781
0.95,6,57.935816
0.95,6,57.965861
0.94,7,57.993874
0.95,6,58.021917
0.95,6,58.049959
0.95,6,58.074982
0.95,6,58.102015
0.93,8,58.126537
0.93,8,58.150554
0.92,9,58.19013
0.95,6,58.217677
0.93,8,58.245694
0.95,6,58.270226
0.95,6,58.300775
0.95,6,58.321794
0.95,6,58.348355
0.95,6,58.369889
0.94,7,58.397413
0.95,6,58.423943
0.95,6,58.449484
0.95,6,58.478013
0.95,6,58.499521
0.91,10,58.529547
0.95,6,58.547569
0.95,6,58.5741
0.95,6,58.602146
0.95,6,58.62869
0.94,7,58.659734
0.95,6,58.687261
0.95,6,58.717302
-1.01,2,58.72582
0.95,6,58.750829
0.95,6,58.776873
0.95,6,58.806917
0.91,10,58.851539
0.95,6,58.87807
0.93,8,58.911389
0.95,6,58.937902
0.95,6,58.961915
0.95,6,58.983929
0.95,6,59.003935
0.93,8,59.029455
0.95,6,59.045968
0.95,6,59.064506
0.93,8,59.08952
0.95,6,59.113538
0.91,10,59.143551
0.91,10,59.175573
0.95,6,59.19793
-1.04,5,59.214592
0.93,8,59.242223
0.94,7,59.263257
0.92,9,59.292276
0.94,7,59.320795
0.91,10,59.356302
0.95,6,59.376314
0.94,7,59.399827
-1.01,2,59.407335
0.86,15,59.456854
0.94,7,59.482861
0.91,10,59.513383
0.88,13,59.559902
0.88,13,59.606429
0.94,7,59.626942
0.95,6,59.644449
0.92,9,59.676972
0.94,7,59.701991
0.95,6,59.722003
0.95,6,59.743522
0.95,6,59.765035
0.95,6,59.784548
0.95,6,59.805561
0.93,8,59.833575
0.95,6,59.856095
0.95,6,59.878107
0.95,6,59.898121
0.95,6,59.91863
0.95,6,59.941146
0.95,6,59.961159
0.95,6,59.983179
0.93,8,60.009192
0.95,6,60.030204
0.95,6,60.050717
0.93,8,60.079237
0.94,7,60.102252
0.93,8,60.132272
0.95,6,60.153785
0.95,6,60.173298
0.95,6,60.194812
0.95,6,60.213485
0.95,6,60.229491
0.95,6,60.249505
0.95,6,60.268518
0.95,6,60.292033
0.94,7,60.317549
0.95,6,60.338562
0.95,6,60.36159
0.95,6,60.383603
0.95,6,60.403616
0.95,6,60.424129
0.95,6,60.445142
0.95,6,60.466655
0.95,6,60.488161
0.95,6,60.507679
0.95,6,60.528195
0.95,6,60.550707
0.95,6,60.572726
0.95,6,60.593739
0.95,6,60.614255
0.95,6,60.635695
0.95,6,60.655708
0.95,6,60.675722
0.95,6,60.695731
0.94,7,60.722248
0.95,6,60.74476
0.95,6,60.764773
0.95,6,60.785285
0.95,6,60.805298
0.95,6,60.825812
0.95,6,60.843825
0.95,6,60.862332
0.95,6,60.882845
0.95,6,60.900858
0.95,6,60.919871
0.93,8,60.94889
0.94,7,60.974403
0.95,6,60.996415
0.94,7,61.019428
0.95,6,61.041441
0.93,8,61.069461
0.95,6,61.089974
0.95,6,61.109992
0.95,6,61.13252
-1.03,4,61.14653
0.95,6,61.167042
0.93,8,61.193562
0.95,6,61.214075
0.94,7,61.23909
0.95,6,61.261101
0.95,6,61.280113
0.95,6,61.301221
0.95,6,61.323235
0.93,8,61.346762
0.95,6,61.365268
0.95,6,61.387281
0.94,7,61.411801
0.95,6,61.432314
0.94,7,61.456828
0.94,7,61.479841
0.95,6,61.50386
0.95,6,61.523371
0.95,6,61.543884
0.95,6,61.563457
0.95,6,61.591125
0.95,6,61.610638
0.95,6,61.632152
0.95,6,61.650669
0.95,6,61.672682
0.93,8,61.699195
0.95,6,61.721208
0.95,6,61.741221
0.95,6,61.764735
0.95,6,61.785749
0.95,6,61.807765
0.95,6,61.828174
0.95,6,61.850765
0.95,6,61.871278
0.94,7,61.895791
0.95,6,61.915803
0.95,6,61.936816
0.95,6,61.960329
0.94,7,61.982842
0.95,6,62.005355
0.95,6,62.02637
0.95,6,62.046383
0.93,8,62.072403
0.95,6,62.095918
0.95,6,62.117929
0.95,6,62.139943
0.95,6,62.159956
0.95,6,62.17947
0.95,6,62.201483
-1.01,2,62.207989
0.95,6,62.229003
0.95,6,62.252517
0.95,6,62.27453
0.93,8,62.303049
0.95,6,62.324563
0.95,6,62.345075
0.94,7,62.370088
0.93,8,62.399108
0.94,7,62.421621
0.95,6,62.438134
0.95,6,62.459789
0.95,6,62.48184
0.95,6,62.501353
0.95,6,62.522368
0.93,8,62.550889
0.95,6,62.570896
0.95,6,62.592909
0.94,7,62.616429
0.95,6,62.637943
0.95,6,62.657956
0.95,6,62.678465
0.89,12,62.719489
0.95,6,62.741505
-1.01,2,62.747009
-1.01,2,62.752517
0.95,6,62.77503
0.94,7,62.801044
0.91,10,62.832064
0.92,9,62.865087
0.85,16,62.917629
0.94,7,62.942751
0.91,10,62.977271
0.94,7,63.000784
0.93,8,63.028804
0.87,14,63.07748
0.90000004,11,63.117
0.91,10,63.153528
0.95,6,63.174041
0.91,10,63.208561
0.90000004,11,63.247587
0.93,8,63.2751
0.95,6,63.297116
0.92,9,63.327132
0.94,7,63.352652
0.95,6,63.373165
0.95,6,63.394679
0.95,6,63.415692
0.94,7,63.439706
0.95,6,63.457222
0.93,8,63.486238
0.95,6,63.508256
0.93,8,63.536769
0.94,7,63.558789
0.95,6,63.579802
0.95,6,63.603324
0.93,8,63.629837
0.95,6,63.65135
0.94,7,63.674364
0.95,6,63.695377
0.95,6,63.71589
0.95,6,63.738407
0.95,6,63.757918
0.95,6,63.780939
0.95,6,63.801952
0.95,6,63.821458
0.95,6,63.839965
0.95,6,63.86298
0.95,6,63.883492
0.95,6,63.905505
0.95,6,63.925518
0.95,6,63.947532
0.95,6,63.967045
0.95,6,63.989559
0.95,6,64.005573
0.95,6,64.028088
0.95,6,64.049101
0.95,6,64.069614
0.95,6,64.089627
0.95,6,64.112643
0.95,6,64.134159
0.95,6,64.156172
0.94,7,64.178685
0.95,6,64.200308
0.95,6,64.22086
0.95,6,64.242379
0.93,8,64.272392
0.95,6,64.295438
0.95,6,64.317991
0.95,6,64.337504
0.95,6,64.361518
0.95,6,64.388538
0.95,6,64.412058
0.95,6,64.430568
0.95,6,64.452085
0.93,8,64.484106
0.95,6,64.503113
0.95,6,64.523626
0.95,6,64.53914
0.95,6,64.558154
0.94,7,64.580167
0.95,6,64.59968
0.95,6,64.61969
0.95,6,64.645212
0.93,8,64.670722
0.95,6,64.690237
0.95,6,64.70975
0.94,7,64.73577
0.94,7,64.758285
0.95,6,64.785297
0.94,7,64.815817
0.95,6,64.835833
0.95,6,64.851845
0.95,6,64.870352
0.95,6,64.889365
0.95,6,64.916885
0.95,6,64.943399
0.95,6,64.968916
0.93,8,64.99543
0.95,6,65.01795
0.95,6,65.045971
0.95,6,65.071486
0.95,6,65.089997
0.95,6,65.111017
0.95,6,65.130531
0.95,6,65.149043
0.95,6,65.169556
0.95,6,65.190069
0.95,6,65.207076
0.95,6,65.226089
0.94,7,65.25011
0.95,6,65.277127
0.95,6,65.29914
0.95,6,65.317653
0.93,8,65.342167
0.95,6,65.371188
0.94,7,65.397204
0.94,7,65.420721
0.93,8,65.445734
0.94,7,65.476253
0.95,6,65.503773
0.95,6,65.52228
0.95,6,65.5473
0.95,6,65.576819
0.95,6,65.602332
0.95,6,65.623346
0.95,6,65.64236
0.95,6,65.663544
0.95,6,65.683058
0.95,6,65.701567
0.93,8,65.726584
0.93,8,65.763104
0.89,12,65.816137
0.91,10,65.85317
0.93,8,65.890693
0.85,16,65.94723
0.95,6,65.966743
0.91,10,65.999763
0.95,6,66.018776
0.95,6,66.048293
0.95,6,66.073392
0.93,8,66.099458
0.95,6,66.118971
0.95,6,66.147991
0.95,6,66.176012
0.94,7,66.200025
0.95,6,66.217538
0.91,10,66.25206
0.95,6,66.272575
0.95,6,66.293088
0.95,6,66.314101
0.95,6,66.340615
0.95,6,66.365643
0.95,6,66.385656
0.95,6,66.408669
0.95,6,66.439189
0.95,6,66.465202
0.95,6,66.486715
0.95,6,66.508228
0.95,6,66.534756
0.95,6,66.555273
0.95,6,66.573786
0.95,6,66.592292
0.95,6,66.620314
0.95,6,66.648334
0.95,6,66.672848
0.95,6,66.691861
0.95,6,66.712374
0.95,6,66.732889
0.95,6,66.7554
0.93,8,66.779935
0.95,6,66.81096
0.95,6,66.827977
0.95,6,66.845484
0.95,6,66.870004
0.95,6,66.891651
0.95,6,66.910803
0.95,6,66.931818
0.95,6,66.949824
0.95,6,66.977345
0.95,6,67.004364
0.95,6,67.024374
0.95,6,67.045892
0.95,6,67.067906
0.95,6,67.088419
0.95,6,67.107427
0.93,8,67.133947
0.93,8,67.15696
0.95,6,67.175474
0.95,6,67.192483
0.95,6,67.208993
0.95,6,67.227506
0.93,8,67.248519
0.95,6,67.269536
0.95,6,67.286043
0.95,6,67.306557
0.95,6,67.32307
0.95,6,67.340083
0.95,6,67.357089
0.95,6,67.384609
-1.03,4,67.394615
0.95,6,67.411622
0.95,6,67.430634
0.95,6,67.451148
0.95,6,67.468161
0.95,6,67.485168
0.95,6,67.50168
0.95,6,67.521194
0.95,6,67.5382
0.95,6,67.557214
0.95,6,67.573228
0.95,6,67.598241
0.95,6,67.615754
0.95,6,67.633764
0.95,6,67.651275
0.95,6,67.673293
0.95,6,67.692301
0.95,6,67.708814
0.95,6,67.725821
0.95,6,67.744335
0.95,6,67.762848
0.95,6,67.779854
0.95,6,67.797367
0.95,6,67.818381
0.95,6,67.834894
0.95,6,67.851401
0.93,8,67.872914
0.95,6,67.897935
0.95,6,67.914442
0.95,6,67.931448
0.95,6,67.948958
0.95,6,67.976975
0.95,6,67.997488
0.93,8,68.021501
0.95,6,68.038514
0.95,6,68.058027
0.95,6,68.075036
0.95,6,68.091547
0.94,7,68.11306
0.95,6,68.140088
0.95,6,68.157094
0.95,6,68.174607
0.93,8,68.197624
0.95,6,68.216638
0.95,6,68.233154
0.95,6,68.249161
0.95,6,68.268674
0.93,8,68.305195
0.95,6,68.330715
-1.03,4,68.347222
0.95,6,68.363737
0.95,6,68.39239
0.95,6,68.414403
0.95,6,68.440917
0.95,6,68.465437
0.95,6,68.482944
0.95,6,68.500456
0.95,6,68.518969
0.90000004,11,68.553989
-1.01,2,68.561996
0.95,6,68.579008
0.95,6,68.596014
0.88,13,68.63204
0.93,8,68.657053
0.95,6,68.674065
0.90000004,11,68.706586
0.92,9,68.731599
0.92,9,68.758618
0.94,7,68.779632
0.93,8,68.804145
0.95,6,68.823159
0.92,9,68.862175
0.93,8,68.884692
0.95,6,68.903198
0.94,7,68.922211
0.94,7,68.944726
0.93,8,68.966239
0.91,10,68.997259
0.93,8,69.033785
0.93,8,69.065806
0.94,7,69.084819
0.89,12,69.120343
0.95,6,69.136856
0.95,6,69.157869
0.94,7,69.177882
0.91,10,69.206895
0.94,7,69.227408
0.92,9,69.26894
0.95,6,69.295463
0.87,14,69.340989
0.95,6,69.357503
0.94,7,69.379016
0.93,8,69.403529
0.88,13,69.439051
0.91,10,69.46907
0.95,6,69.487584
0.92,9,69.512598
0.93,8,69.542119
0.95,6,69.559633
0.95,6,69.580148
0.93,8,69.602161
0.95,6,69.61867
-1.01,2,69.624174
0.93,8,69.647687
0.95,6,69.666201
0.93,8,69.688714
0.95,6,69.707728
0.95,6,69.733241
0.91,10,69.763141
0.92,9,69.790672
0.94,7,69.812685
0.95,6,69.833866
0.95,6,69.849373
0.95,6,69.86538
0.95,6,69.882393
0.95,6,69.903405
0.94,7,69.922919
0.95,6,69.939925
0.93,8,69.962939
0.95,6,69.99046
0.95,6,70.012973
0.95,6,70.031487
0.95,6,70.047492
0.95,6,70.065505
0.95,6,70.086512
0.95,6,70.109029
0.93,8,70.131545
0.95,6,70.158565
0.95,6,70.183077
0.95,6,70.201703
0.95,6,70.220209
0.95,6,70.245222
0.93,8,70.267235
0.95,6,70.285748
0.95,6,70.306262
0.95,6,70.330778
0.95,6,70.349292
0.95,6,70.365805
0.95,6,70.382812
0.93,8,70.412832
0.94,7,70.432346
0.94,7,70.451852
0.95,6,70.470358
0.94,7,70.497871
0.95,6,70.513884
0.95,6,70.52989
0.95,6,70.548404
0.95,6,70.574424
0.95,6,70.592431
-1.01,2,70.597937
0.95,6,70.614945
0.95,6,70.636461
0.95,6,70.657979
0.95,6,70.677485
0.95,6,70.698004
0.94,7,70.721024
0.93,8,70.743036
0.95,6,70.760043
0.94,7,70.782056
0.95,6,70.803571
0.95,6,70.821584
0.95,6,70.839606
0.91,10,70.870647
0.95,6,70.892277
0.94,7,70.91529
0.95,6,70.932303
0.95,6,70.94981
0.93,8,70.975332
0.94,7,70.994839
0.95,6,71.011345
0.92,9,71.038865
0.95,6,71.057378
0.95,6,71.07339
0.93,8,71.097404
0.94,7,71.117906
0.95,6,71.139922
0.95,6,71.159432
0.95,6,71.177446
0.95,6,71.194472
0.93,8,71.221485
0.93,8,71.243998
0.95,6,71.261513
0.95,6,71.278024
0.93,8,71.305037
0.95,6,71.327551
0.94,7,71.348063
0.94,7,71.368077
0.95,6,71.386089
0.95,6,71.403103
0.95,6,71.421608
0.95,6,71.440122
0.95,6,71.458135
0.95,6,71.476648
0.95,6,71.493154
0.95,6,71.510168
0.95,6,71.527261
0.92,9,71.555821
0.95,6,71.572334
0.95,6,71.590341
0.95,6,71.610855
0.95,6,71.627368
0.91,10,71.654887
0.94,7,71.676401
0.95,6,71.694907
0.95,6,71.711922
0.95,6,71.730433
0.95,6,71.74744
0.94,7,71.768954
0.95,6,71.785467
0.94,7,71.806482
0.95,6,71.824495
0.94,7,71.852509
0.94,7,71.875528
-1.01,2,71.881028
0.95,6,71.897541
0.95,6,71.921194
0.95,6,71.941724
0.95,6,71.962236
0.95,6,71.98175
0.95,6,71.999756
0.95,6,72.016769
0.95,6,72.033782
0.95,6,72.05229
0.90000004,11,72.08381
0.92,9,72.110325
0.93,8,72.133339
0.76,25,72.205385
0.90000004,11,72.239898
0.94,7,72.263918
0.92,9,72.293932
0.92,9,72.323452
0.94,7,72.345965
0.91,10,72.376485
0.73,28,72.457029
0.95,6,72.476043
0.92,9,72.506562
0.88,13,72.54359
0.84000003,17,72.592123
0.94,7,72.613137
0.90000004,11,72.651156
0.94,7,72.676169
0.90000004,11,72.707688
0.94,7,72.729702
0.95,6,72.748715
0.95,6,72.765221
0.92,9,72.790243
0.95,6,72.811256
0.89,12,72.844776
0.95,6,72.863289
0.93,8,72.885302
0.95,6,72.902399
0.95,6,72.920915
0.94,7,72.941928
0.95,6,72.95894
0.88,13,72.99646
0.95,6,73.017975
0.95,6,73.035989
0.95,6,73.056002
0.95,6,73.072515
0.95,6,73.093028
0.93,8,73.119048
0.95,6,73.135561
0.95,6,73.152568
0.95,6,73.170584
0.91,10,73.199605
0.95,6,73.216112
0.95,6,73.23612
0.95,6,73.255633
0.94,7,73.275146
0.95,6,73.291653
0.94,7,73.314175
0.95,6,73.333681
0.94,7,73.354695
0.95,6,73.373709
0.92,9,73.399228
0.95,6,73.421241
0.91,10,73.455261
0.92,9,73.482285
0.94,7,73.503298
0.93,8,73.527311
0.91,10,73.556831
0.93,8,73.579344
0.95,6,73.59635
0.95,6,73.616364
0.93,8,73.638377
0.95,6,73.655891
0.95,6,73.672904
0.94,7,73.700417
0.95,6,73.71843
0.95,6,73.734945
0.93,8,73.758457
0.93,8,73.786474
0.95,6,73.806485
0.95,6,73.825998
0.93,8,73.848141
0.95,6,73.868655
0.95,6,73.886168
0.93,8,73.908681
0.87,14,73.94971
0.91,10,73.97923
0.94,7,74.000743
0.95,6,74.017251
0.93,8,74.03927
0.95,6,74.059782
0.86,15,74.101802
0.93,8,74.126814
0.95,6,74.143324
0.94,7,74.166332
0.95,6,74.184338
0.95,6,74.204854
0.95,6,74.221986
0.95,6,74.244499
0.93,8,74.267012
0.95,6,74.283525
0.95,6,74.300534
0.95,6,74.323051
0.95,6,74.341059
0.94,7,74.359572
0.95,6,74.377085
0.95,6,74.396099
0.95,6,74.413106
0.95,6,74.430119
0.95,6,74.449633
0.95,6,74.467639
0.95,6,74.484653
0.95,6,74.503666
0.95,6,74.520172
0.95,6,74.541185
0.95,6,74.557698
0.92,9,74.585218
0.95,6,74.602224
0.95,6,74.623238
0.95,6,74.639751
0.95,6,74.656257
0.95,6,74.67227
0.95,6,74.691783
0.95,6,74.708289
0.93,8,74.73281
0.95,6,74.754323
0.95,6,74.775836
0.95,6,74.79635
0.95,6,74.815865
0.95,6,74.832371
0.95,6,74.851884
-1.01,2,74.856384
0.95,6,74.876897
0.95,6,74.89441
0.95,6,74.913924
0.95,6,74.92993
0.95,6,74.949444
0.95,6,74.965958
0.95,6,74.983971
0.95,6,75.000478
0.95,6,75.018491
0.95,6,75.034997
0.95,6,75.05601
0.95,6,75.074024
0.95,6,75.091038
0.95,6,75.108544
0.95,6,75.128559
0.95,6,75.149572
0.94,7,75.173592
0.95,6,75.195148
0.95,6,75.225819
0.95,6,75.244825
0.95,6,75.264344
0.92,9,75.289363
0.94,7,75.315878
0.91,10,75.348898
0.93,8,75.370562
0.94,7,75.391575
0.93,8,75.421095
0.88,13,75.462621
0.85,16,75.506646
0.93,8,75.531167
0.85,16,75.580193
0.95,6,75.597206
0.87,14,75.637233
-1.09,10,75.666253
0.90000004,11,75.703274
0.88,13,75.739296
0.92,9,75.766813
0.87,14,75.805839
0.95,6,75.829852
0.95,6,75.850365
0.93,8,75.876885
0.95,6,75.896896
0.94,7,75.919913
0.95,6,75.93642
0.95,6,75.954935
0.95,6,75.971447
0.94,7,75.99246
0.93,8,76.016973
0.94,7,76.037486
0.95,6,76.054496
0.95,6,76.078012
0.93,8,76.104525
0.93,8,76.131045
0.95,6,76.149559
0.92,9,76.176572
0.92,9,76.202092
0.93,8,76.227605
0.95,6,76.254626
0.95,6,76.277139
0.94,7,76.297152
0.95,6,76.31566
0.94,7,76.344178
0.94,7,76.376198
0.95,6,76.402218
0.93,8,76.435737
0.93,8,76.465257
0.95,6,76.49327
0.92,9,76.529796
0.93,8,76.55131
0.94,7,76.570952
0.95,6,76.598965
0.94,7,76.626985
0.95,6,76.651998
0.94,7,76.680018
0.95,6,76.704531
0.95,6,76.730551
0.87,14,76.778079
0.90000004,11,76.824113
0.94,7,76.848129
0.91,10,76.876149
0.95,6,76.892656
0.94,7,76.914169
0.89,12,76.961777
0.95,6,76.980291
0.92,9,77.014811
0.93,8,77.047831
0.95,6,77.071344
0.93,8,77.097863
0.95,6,77.121876
0.91,10,77.151896
0.95,6,77.177912
0.93,8,77.212936
0.95,6,77.233449
0.95,6,77.251962
0.95,6,77.275475
0.95,6,77.300988
0.93,8,77.336515
0.95,6,77.354521
0.93,8,77.386201
0.93,8,77.417221
0.90000004,11,77.458746
0.95,6,77.484267
-1.01,2,77.49227
0.94,7,77.51128
0.95,6,77.528293
0.95,6,77.549306
0.95,6,77.577325
0.94,7,77.606838
0.95,6,77.632857
0.95,6,77.65687
0.95,6,77.674883
0.95,6,77.69089
0.95,6,77.706904
0.95,6,77.725919
0.95,6,77.752432
0.95,6,77.772945
0.95,6,77.791958
0.95,6,77.808971
0.93,8,77.844491
0.95,6,77.861004
0.95,6,77.87801
0.95,6,77.898023
0.95,6,77.92566
-1.01,2,77.931716
0.92,9,77.956745
0.95,6,77.975764
0.95,6,78.002779
0.95,6,78.028305
0.95,6,78.05582
0.95,6,78.080896
0.95,6,78.10754
0.95,6,78.127558
0.91,10,78.173094
0.93,8,78.194114
0.95,6,78.213135
0.93,8,78.240658
0.92,9,78.273687
0.95,6,78.293207
0.95,6,78.321729
0.93,8,78.357253
0.95,6,78.374274
0.93,8,78.397293
0.94,7,78.421313
0.95,6,78.440828
0.95,6,78.464843
0.95,6,78.485363
0.94,7,78.506885
0.95,6,78.523904
0.94,7,78.550421
0.95,6,78.573442
0.95,6,78.60096
0.94,7,78.621552
0.95,6,78.641572
0.95,6,78.668092
0.94,7,78.699612
0.95,6,78.726637
0.95,6,78.753656
0.95,6,78.780162
0.95,6,78.808686
0.95,6,78.828707
0.95,6,78.845715
0.95,6,78.866733
0.95,6,78.893752
0.95,6,78.910771
0.95,6,78.929281
0.94,7,78.952307
0.93,8,78.989329
0.95,6,79.01017
0.95,6,79.027189
0.94,7,79.051205
0.95,6,79.078731
0.95,6,79.099743
0.95,6,79.122761
0.95,6,79.139771
0.95,6,79.162796
0.94,7,79.184817
0.95,6,79.201326
0.94,7,79.220844
0.95,6,79.249704
0.94,7,79.273725
0.92,9,79.299709
0.94,7,79.325725
0.95,6,79.35075
0.95,6,79.36976
0.94,7,79.392769
0.95,6,79.419275
0.95,6,79.445798
0.93,8,79.48032
0.95,6,79.505332
0.95,6,79.529353
0.95,6,79.555872
0.94,7,79.584393
0.94,7,79.60691
0.95,6,79.634749
0.95,6,79.663255
0.95,6,79.684771
0.93,8,79.706929
0.95,6,79.72449
0.95,6,79.753012
0.94,7,79.781533
0.95,6,79.801047
0.95,6,79.826561
0.95,6,79.854582
0.95,6,79.880594
0.95,6,79.905611
0.95,6,79.921621
-1.01,2,79.931628
0.95,6,79.952144
0.95,6,79.969158
0.95,6,79.988163
0.95,6,80.015184
0.95,6,80.038697
0.94,7,80.069219
0.95,6,80.093734
0.95,6,80.122256
0.95,6,80.143269
0.95,6,80.167282
0.95,6,80.194309
0.94,7,80.224828
0.95,6,80.251344
0.95,6,80.277364
0.95,6,80.303883
0.95,6,80.330909
0.95,6,80.355422
0.95,6,80.375437
0.95,6,80.393949
0.95,6,80.420465
0.95,6,80.443982
0.95,6,80.463496
0.95,6,80.482502
-1.03,4,80.503016
0.95,6,80.526536
0.93,8,80.562055
0.94,7,80.581068
0.95,6,80.599581
0.95,6,80.62009
0.94,7,80.649196
0.93,8,80.684794
0.94,7,80.709807
0.95,6,80.72682
0.94,7,80.747833
0.95,6,80.76434
0.95,6,80.791361
0.95,6,80.817874
0.95,6,80.843396
0.95,6,80.871916
0.95,6,80.897928
0.95,6,80.922941
0.95,6,80.949462
0.95,6,80.975468
0.95,6,81.003989
0.95,6,81.020002
0.95,6,81.037009
0.95,6,81.053522
0.95,6,81.081668
0.95,6,81.106683
0.95,6,81.132698
0.93,8,81.166725
0.92,9,81.208753
0.95,6,81.234766
0.94,7,81.265786
0.93,8,81.300806
0.90000004,11,81.34784
0.94,7,81.37886
0.93,8,81.41438
0.93,8,81.449906
0.94,7,81.481431
0.95,6,81.508939
0.95,6,81.534958
0.94,7,81.561975
0.88,13,81.612006
0.92,9,81.652032
0.95,6,81.678545
0.95,6,81.705065
0.94,7,81.737584
0.94,7,81.7631
0.94,7,81.79012
0.94,7,81.81914
0.94,7,81.850661
0.93,8,81.882181
0.94,7,81.902194
0.95,6,81.919201
0.95,6,81.937215
0.95,6,81.959193
0.95,6,81.982818
0.95,6,82.011338
0.95,6,82.040367
0.95,6,82.060879
0.95,6,82.084957
0.95,6,82.110473
0.93,8,82.149992
0.95,6,82.169505
0.95,6,82.186534
0.95,6,82.211048
0.95,6,82.239562
0.95,6,82.264575
0.95,6,82.281081
0.95,6,82.302094
0.95,6,82.330112
0.95,6,82.349658
0.95,6,82.376671
0.95,6,82.403687
-1.03,4,82.421697
0.95,6,82.440843
0.95,6,82.461357
0.95,6,82.486363
0.95,6,82.505378
0.95,6,82.524797
0.95,6,82.54081
0.95,6,82.564817
0.95,6,82.59183
0.95,6,82.615856
0.95,6,82.64387
0.95,6,82.66889
0.95,6,82.695402
0.95,6,82.721415
0.95,6,82.742428
0.95,6,82.759435
0.95,6,82.785957
0.95,6,82.81047
0.95,6,82.837994
0.95,6,82.854499
0.93,8,82.879019
0.91,10,82.910555
0.95,6,82.937568
0.95,6,82.966088
0.93,8,83.001108
0.95,6,83.025128
0.95,6,83.045642
0.95,6,83.065645
0.94,7,83.093163
0.95,6,83.111778
0.95,6,83.128285
0.95,6,83.148294
0.95,6,83.169302
0.94,7,83.192322
0.95,6,83.214336
0.94,7,83.23735
0.93,8,83.26737
0.95,6,83.284877
0.95,6,83.305891
0.94,7,83.326404
0.93,8,83.356926
0.95,6,83.376578
0.95,6,83.396647
0.95,6,83.41666
0.94,7,83.439173
0.95,6,83.457188
0.95,6,83.4782
0.95,6,83.497714
0.94,7,83.523227
0.93,8,83.551247
0.95,6,83.57076
0.95,6,83.590774
0.95,6,83.613287
0.95,6,83.6328
0.95,6,83.654312
0.95,6,83.674322
0.94,7,83.699338
0.95,6,83.720352
0.94,7,83.739365
0.95,6,83.755871
0.95,6,83.779388
0.95,6,83.798898
0.95,6,83.819411
0.95,6,83.843432
0.95,6,83.860939
0.95,6,83.879954
0.95,6,83.90047
0.95,6,83.917982
0.95,6,83.9395
0.95,6,83.959513
0.95,6,83.981026
0.95,6,84.001539
0.95,6,84.022552
0.95,6,84.044065
0.95,6,84.064079
0.95,6,84.082085
-1.03,4,84.099103
0.95,6,84.121117
0.93,8,84.149637
0.95,6,84.170149
0.95,6,84.192162
0.95,6,84.212675
0.95,6,84.234189
0.95,6,84.252701
0.95,6,84.274214
0.95,6,84.296227
0.95,6,84.316242
0.95,6,84.339253
0.95,6,84.36027
0.95,6,84.379783
0.95,6,84.400296
0.95,6,84.422307
0.95,6,84.44432
0.95,6,84.459827
0.95,6,84.47934
0.95,6,84.499353
0.95,6,84.518367
0.93,8,84.544881
0.93,8,84.569901
0.95,6,84.590915
0.95,6,84.614927
0.95,6,84.63494
0.95,6,84.655955
0.95,6,84.675971
0.95,6,84.697484
0.95,6,84.7175
0.95,6,84.740165
0.95,6,84.759741
0.95,6,84.780258
0.95,6,84.800271
0.95,6,84.818281
0.95,6,84.837301
0.95,6,84.85782
0.95,6,84.87434
0.95,6,84.89285
0.93,8,84.920867
0.95,6,84.943384
0.95,6,84.9629
0.95,6,84.983416
0.94,7,85.002936
0.94,7,85.025949
0.95,6,85.049467
0.95,6,85.069981
0.94,7,85.0925
0.95,6,85.114934
0.95,6,85.136448
0.95,6,85.15709
0.92,9,85.185205
0.95,6,85.20672
0.95,6,85.227234
0.95,6,85.248746
0.95,6,85.26876
0.92,9,85.299785
0.95,6,85.318803
0.95,6,85.337323
0.93,8,85.364337
0.95,6,85.386359
0.95,6,85.40637
0.93,8,85.434393
0.95,6,85.454409
0.95,6,85.475922
0.92,9,85.506452
0.95,6,85.521963
0.95,6,85.541482
0.95,6,85.5635
0.94,7,85.587025
0.94,7,85.612543
0.95,6,85.63056
0.89,12,85.673587
0.84000003,17,85.730122
0.89,12,85.771656
0.93,8,85.796687
0.93,8,85.825202
0.94,7,85.850724
0.90000004,11,85.889753
0.95,6,85.910265
0.91,10,85.9468
0.93,8,85.973817
-1.03,4,85.98433
0.95,6,86.006855
0.93,8,86.034868
0.94,7,86.059772
0.95,6,86.079785
0.95,6,86.098821
0.94,7,86.13145
0.95,6,86.150462
0.93,8,86.178488
0.95,6,86.198507
0.94,7,86.220029
0.95,6,86.238047
0.95,6,86.259064
0.95,6,86.279573
0.95,6,86.301092
0.95,6,86.319597
0.95,6,86.342624
0.95,6,86.363146
0.95,6,86.382653
0.95,6,86.400174
0.95,6,86.41919
0.95,6,86.441706
0.95,6,86.463722
0.95,6,86.484235
0.93,8,86.510259
0.95,6,86.530916
0.95,6,86.55543
0.95,6,86.575446
0.95,6,86.592459
0.95,6,86.609478
0.95,6,86.632993
0.95,6,86.653509
0.95,6,86.673526
0.95,6,86.692053
0.95,6,86.714067
0.95,6,86.734574
0.93,8,86.761586
0.95,6,86.781597
0.93,8,86.812118
0.95,6,86.83364
0.95,6,86.854656
0.95,6,86.876169
0.95,6,86.898692
0.93,8,86.927207
0.95,6,86.948223
0.95,6,86.968239
0.95,6,86.990105
0.95,6,87.011623
0.95,6,87.032136
0.95,6,87.05215
0.95,6,87.071677
0.93,8,87.093198
0.95,6,87.110717
0.93,8,87.137234
0.95,6,87.160275
0.93,8,87.187791
0.95,6,87.204809
0.95,6,87.221819
0.95,6,87.240338
0.94,7,87.262854
0.95,6,87.283372
0.95,6,87.303389
0.95,6,87.326402
0.95,6,87.348015
0.93,8,87.374538
0.95,6,87.396554
0.95,6,87.415076
0.95,6,87.434094
0.95,6,87.454612
0.95,6,87.472281
0.95,6,87.490799
0.95,6,87.510319
0.93,8,87.532337
0.95,6,87.549358
0.95,6,87.57187
0.95,6,87.592383
0.95,6,87.612399
0.95,6,87.633612
0.95,6,87.655624
0.95,6,87.674638
0.95,6,87.695153
0.95,6,87.711667
0.95,6,87.733685
0.95,6,87.754699
0.95,6,87.777225
0.95,6,87.796741
0.94,7,87.822767
0.95,6,87.842281
0.95,6,87.860294
0.93,8,87.8886
0.95,6,87.910615
0.95,6,87.931131
0.95,6,87.953146
0.95,6,87.97366
0.94,7,87.997622
0.93,8,88.026645
0.95,6,88.047153
0.95,6,88.069168
0.95,6,88.090686
0.93,8,88.117209
0.95,6,88.137227
0.95,6,88.15425
0.95,6,88.173773
0.93,8,88.2028
0.90000004,11,88.239819
0.93,8,88.267913
0.94,7,88.293935
0.88,13,88.339469
0.93,8,88.372491
0.95,6,88.399516
0.89,12,88.440057
0.94,7,88.461087
0.92,9,88.487131
0.93,8,88.509664
0.94,7,88.534186
0.94,7,88.554209
0.94,7,88.575237
0.94,7,88.594264
0.92,9,88.627296
0.95,6,88.645822
0.95,6,88.664351
0.95,6,88.681366
0.93,8,88.708912
0.95,6,88.725442
0.95,6,88.741472
0.93,8,88.763503
0.95,6,88.783028
0.95,6,88.800057
0.95,6,88.819069
0.95,6,88.843253
0.95,6,88.872272
0.94,7,88.902796
0.95,6,88.92881
0.95,6,88.954832
0.92,9,88.981364
0.95,6,88.998394
0.95,6,89.015411
0.95,6,89.033942
0.95,6,89.052956
0.95,6,89.07248
0.95,6,89.089494
0.95,6,89.107023
0.95,6,89.135043
0.94,7,89.166064
0.94,7,89.185085
0.95,6,89.204118
0.95,6,89.232136
0.95,6,89.260565
0.95,6,89.280091
0.95,6,89.296617
0.95,6,89.325135
0.95,6,89.345667
0.93,8,89.368192
0.95,6,89.385212
0.95,6,89.406237
0.95,6,89.423258
0.95,6,89.440289
0.95,6,89.459318
0.95,6,89.478331
0.95,6,89.495361
0.95,6,89.512385
0.95,6,89.532406
0.95,6,89.553937
0.95,6,89.570953
0.93,8,89.594499
0.95,6,89.612032
0.95,6,89.637551
0.95,6,89.657076
0.95,6,89.673604
0.95,6,89.690632
0.95,6,89.712162
0.95,6,89.729178
0.93,8,89.751219
0.95,6,89.76825
0.93,8,89.795787
0.94,7,89.813803
0.93,8,89.839339
-1.03,4,89.851858
0.93,8,89.880888
0.95,6,89.897904
0.95,6,89.916434
0.95,6,89.933461
0.94,7,89.956491
0.95,6,89.973006
0.95,6,89.990038
0.95,6,90.007071
0.95,6,90.025582
0.94,7,90.04661
0.95,6,90.064136
0.95,6,90.084656
0.95,6,90.106681
0.95,6,90.1307
-1.01,2,90.138708
0.95,6,90.165728
0.95,6,90.184767
0.95,6,90.201958
0.95,6,90.224975
0.95,6,90.245
0.93,8,90.271533
0.95,6,90.28956
0.95,6,90.307076
0.95,6,90.324109
0.95,6,90.346629
0.95,6,90.362648
0.95,6,90.379673
0.95,6,90.396205
0.95,6,90.424718
0.95,6,90.451241
0.93,8,90.477264
0.93,8,90.501806
0.95,6,90.524832
0.95,6,90.544359
0.95,6,90.561376
0.95,6,90.578405
0.95,6,90.600424
0.95,6,90.61749
0.95,6,90.634505
0.95,6,90.652039
0.95,6,90.675058
0.95,6,90.692582
0.95,6,90.709598
0.95,6,90.728114
0.95,6,90.756638
0.95,6,90.773668
0.95,6,90.798678
0.92,9,90.832213
0.95,6,90.852739
0.95,6,90.869769
-1.03,4,90.881282
0.95,6,90.897796
0.95,6,90.926819
0.95,6,90.943848
0.95,6,90.960856
0.95,6,90.980396
0.95,6,91.007416
0.95,6,91.024437
0.95,6,91.044966
0.95,6,91.061996
0.92,9,91.090037
0.95,6,91.107553
0.93,8,91.13658
0.95,6,91.159098
0.95,6,91.180623
0.95,6,91.197651
0.95,6,91.214673
0.95,6,91.232697
0.95,6,91.260716
0.95,6,91.288235
0.93,8,91.316766
0.95,6,91.334291
0.95,6,91.360805
0.94,7,91.380834
0.95,6,91.400348
0.95,6,91.424872
0.94,7,91.448903
0.93,8,91.471432
0.88,13,91.507977
0.93,8,91.531522
0.92,9,91.573708
0.95,6,91.590715
0.87,14,91.632774
0.93,8,91.654803
0.94,7,91.680351
0.83,18,91.733423
0.88,13,91.769965
0.92,9,91.796008
0.91,10,91.828061
0.95,6,91.848594
0.89,12,91.886129
0.93,8,91.916157
0.95,6,91.937182
0.91,10,91.966742
0.95,6,91.985766
0.95,6,92.001782
0.95,6,92.030309
0.95,6,92.054323
0.95,6,92.071851
0.95,6,92.088881
0.95,6,92.111903
0.95,6,92.130936
0.94,7,92.150465
0.95,6,92.167479
0.95,6,92.190989
0.95,6,92.209016
0.95,6,92.22604
0.95,6,92.245569
0.95,6,92.27159
0.95,6,92.288619
0.95,6,92.306627
0.95,6,92.324659
0.93,8,92.354692
0.95,6,92.37222
0.95,6,92.388736
0.95,6,92.409248
0.95,6,92.428772
0.95,6,92.447309
0.95,6,92.464322
0.95,6,92.483354
0.95,6,92.505371
0.93,8,92.527393
0.95,6,92.554415
0.95,6,92.574028
0.93,8,92.600363
0.95,6,92.6204
0.95,6,92.637428
0.95,6,92.652943
0.93,8,92.67749
0.95,6,92.695005
0.93,8,92.718049
-1.01,2,92.723049
0.95,6,92.743574
0.95,6,92.760601
0.95,6,92.777612
-1.03,4,92.788628
0.95,6,92.813663
0.95,6,92.82968
0.95,6,92.849205
0.95,6,92.868233
0.95,6,92.890255
0.95,6,92.9073
0.95,6,92.92348
0.95,6,92.941508
0.95,6,92.959536
0.95,6,92.976054
0.95,6,92.995082
0.95,6,93.012114
0.95,6,93.039124
0.95,6,93.060166
-1.01,2,93.068173
0.93,8,93.091702
0.95,6,93.11372
0.95,6,93.131746
0.95,6,93.150273
0.95,6,93.167285
0.95,6,93.197808
0.95,6,93.223829
0.94,7,93.247357
0.95,6,93.264373
0.92,9,93.297403
0.95,6,93.315931
0.95,6,93.332942
0.95,6,93.351475
0.95,6,93.371504
0.92,9,93.39679
0.95,6,93.413821
0.95,6,93.43084
0.95,6,93.450862
0.95,6,93.469395
0.95,6,93.488924
0.95,6,93.506458
0.95,6,93.524474
0.95,6,93.542007
0.95,6,93.559036
0.95,6,93.577052
0.95,6,93.59608
0.95,6,93.6171
0.95,6,93.64362
0.95,6,93.669634
0.95,6,93.688164
0.95,6,93.706695
0.95,6,93.723712
0.95,6,93.74224
0.95,6,93.770766
0.95,6,93.789295
0.95,6,93.806312
0.94,7,93.827345
0.93,8,93.856383
0.95,6,93.874906
0.95,6,93.891923
0.94,7,93.91145
0.95,6,93.938468
0.95,6,93.957499
0.95,6,93.974359
0.95,6,93.992106
0.95,6,94.012635
0.95,6,94.029655
0.91,10,94.057188
0.95,6,94.076216
0.95,6,94.09873
0.95,6,94.117258
0.93,8,94.14129
0.95,6,94.158652
0.95,6,94.187164
0.95,6,94.212186
0.95,6,94.229719
0.93,8,94.253748
0.95,6,94.272814
0.95,6,94.29156
0.95,6,94.308575
0.95,6,94.327607
0.95,6,94.350129
0.95,6,94.368162
0.95,6,94.387192
0.95,6,94.404703
0.95,6,94.42323
0.95,6,94.440249
0.95,6,94.459767
0.95,6,94.476778
0.95,6,94.497794
0.95,6,94.515314
0.95,6,94.533328
0.95,6,94.55034
0.95,6,94.56886
0.95,6,94.588378
0.95,6,94.605388
0.95,6,94.622912
0.95,6,94.64293
0.94,7,94.662949
0.95,6,94.679964
0.95,6,94.697531
0.95,6,94.720158
0.94,7,94.74368
0.95,6,94.762188
0.95,6,94.782703
0.95,6,94.803223
0.95,6,94.820244
0.95,6,94.838763
0.93,8,94.862282
0.95,6,94.883299
0.94,7,94.902818
0.95,6,94.919827
0.95,6,94.937846
0.95,6,94.961363
0.95,6,94.98188
0.94,7,95.004916
0.95,6,95.02193
0.95,6,95.043945
0.95,6,95.064465
0.95,6,95.086479
0.94,7,95.106498
0.95,6,95.129517
0.95,6,95.146538
0.95,6,95.163569
0.95,6,95.180578
0.95,6,95.202592
0.95,6,95.221612
0.95,6,95.239631
0.95,6,95.258651
0.95,6,95.280663
0.92,9,95.308682
0.92,9,95.336209
0.93,8,95.360731
0.93,8,95.387762
0.94,7,95.407783
0.91,10,95.435807
0.94,7,95.455323
0.94,7,95.481346
0.91,10,95.512375
0.94,7,95.532034
0.93,8,95.555661
0.95,6,95.574182
0.95,6,95.592191
0.95,6,95.60921
0.95,6,95.62666
0.95,6,95.647108
0.95,6,95.666688
0.95,6,95.683192
0.95,6,95.700707
0.95,6,95.723728
0.95,6,95.743747
0.95,6,95.766279
0.95,6,95.784302
0.95,6,95.80532
0.95,6,95.821829
0.95,6,95.839346
0.95,6,95.860863
0.95,6,95.883887
0.95,6,95.900903
0.95,6,95.917912
0.95,6,95.934929
0.93,8,95.958446
0.95,6,95.977466
0.95,6,95.993982
0.95,6,96.01249
0.95,6,96.034512
0.94,7,96.056034
0.93,8,96.079153
0.95,6,96.097667
0.95,6,96.11668
0.94,7,96.142715
0.95,6,96.159722
0.95,6,96.176736
-1.03,4,96.191247
0.95,6,96.211265
0.95,6,96.230783
0.95,6,96.247799
0.95,6,96.267816
0.95,6,96.284824
0.95,6,96.30384
0.95,6,96.320354
0.95,6,96.342373
0.95,6,96.364893
0.93,8,96.392924
0.95,6,96.413943
0.95,6,96.432451
0.95,6,96.44997
0.95,6,96.466983
0.95,6,96.485492
0.95,6,96.506512
0.95,6,96.52904
-1.05,6,96.54805
0.95,6,96.567066
0.94,7,96.590584
0.95,6,96.609104
0.92,9,96.633623
0.95,6,96.652136
-1.01,2,96.660147
0.95,6,96.680667
0.95,6,96.697196
0.94,7,96.715702
0.95,6,96.73572
0.95,6,96.753734
0.95,6,96.77175
0.94,7,96.791265
0.95,6,96.809779
0.95,6,96.827296
0.95,6,96.844315
0.95,6,96.862323
0.95,6,96.883843
0.95,6,96.90286
0.95,6,96.919874
0.94,7,96.939391
0.95,6,96.958402
0.93,8,96.981925
0.95,6,96.99893
0.94,7,97.02057
0.95,6,97.039587
0.95,6,97.057604
0.95,6,97.074617
0.95,6,97.091629
0.95,6,97.112652
0.95,6,97.13217
0.94,7,97.154194
0.95,6,97.170215
0.95,6,97.190735
0.95,6,97.20924
0.93,8,97.233767
0.95,6,97.251778
0.95,6,97.273293
0.95,6,97.291813
0.95,6,97.313331
0.95,6,97.33385
0.95,6,97.356871
0.92,9,97.3829
0.95,6,97.403419
0.94,7,97.423761
0.93,8,97.451914
0.95,6,97.472432
0.95,6,97.49195
0.95,6,97.50997
0.95,6,97.530488
0.95,6,97.548505
0.95,6,97.567016
0.95,6,97.585038
0.93,8,97.612069
0.95,6,97.630581
0.91,10,97.66211
-1.04,5,97.677132
0.93,8,97.701156
0.87,14,97.742699
0.95,6,97.761216
0.94,7,97.782741
0.91,10,97.81576
0.88,13,97.857298
0.90000004,11,97.891325
0.83,18,97.949374
0.91,10,97.986402
0.92,9,98.01293
0.89,12,98.054826
-1.03,4,98.067834
0.88,13,98.108866
0.88,13,98.152897
0.94,7,98.173268
0.94,7,98.19379
0.92,9,98.223319
0.89,12,98.262359
0.93,8,98.288378
0.91,10,98.320907
0.92,9,98.353439
0.88,13,98.395475
0.92,9,98.424501
0.91,10,98.454528
0.95,6,98.475044
0.93,8,98.50056
0.93,8,98.524586
0.93,8,98.550611
0.93,8,98.57663
0.95,6,98.595142
0.92,9,98.624165
0.95,6,98.642184
0.89,12,98.682225
0.94,7,98.703745
0.95,6,98.721753
0.93,8,98.747784
0.95,6,98.769803
0.93,8,98.797503
0.94,7,98.81852
0.90000004,11,98.85305
0.95,6,98.876066
0.94,7,98.896581
0.95,6,98.916103
-1.02,3,98.924612
0.95,6,98.943628
0.95,6,98.960145
-1.03,4,98.971656
0.91,10,99.004685
0.94,7,99.027706
0.77,24,99.102772
0.90000004,11,99.142301
0.85,16,99.193347
-1.14,15,99.240897
0.87,14,99.286549
0.92,9,99.316075
0.86,15,99.362612
0.95,6,99.385134
0.92,9,99.414654
0.85,16,99.464195
0.93,8,99.488718
0.95,6,99.510233
0.92,9,99.539259
0.95,6,99.557778
-1.03,4,99.569785
0.95,6,99.590804
0.94,7,99.611823
0.95,6,99.632345
0.92,9,99.660872
-1.01,2,99.670379
0.91,10,99.702406
0.91,10,99.731967
0.89,12,99.780677
0.95,6,99.804186
0.92,9,99.83071
0.93,8,99.85673
0.88,13,99.898282
0.94,7,99.923302
0.92,9,99.947824
0.88,13,99.986868
0.94,7,100.008388
0.92,9,100.037418
0.95,6,100.05844
0.89,12,100.094468
0.95,6,100.112494
0.95,6,100.133514
0.92,9,100.164782
0.94,7,100.185317
0.94,7,100.205836
0.94,7,100.226357
0.85,16,100.276405
0.94,7,100.303936
0.95,6,100.329957
0.95,6,100.359477
0.92,9,100.397171
0.95,6,100.423184
0.89,12,100.46933
0.95,6,100.489857
0.93,8,100.513882
0.93,8,100.546903
0.95,6,100.56792
0.94,7,100.599443
0.91,10,100.633987
0.93,8,100.662247
0.95,6,100.682774
0.94,7,100.711802
0.95,6,100.737815
0.95,6,100.756844
0.92,9,100.787881
0.92,9,100.818418
0.89,12,100.859949
0.94,7,100.886979
0.95,6,100.911986
0.93,8,100.950019
0.90000004,11,100.993218
0.93,8,101.015386
0.92,9,101.041923
0.95,6,101.062448
0.94,7,101.080979
0.94,7,101.100009
0.95,6,101.116537
0.91,10,101.145589
0.95,6,101.163617
0.95,6,101.183644
0.92,9,101.22067
0.95,6,101.250683
0.95,6,101.27721
0.95,6,101.304222
0.95,6,101.322248
0.95,6,101.348764
0.91,10,101.386295
0.93,8,101.420323
0.95,6,101.446853
0.94,7,101.478374
0.93,8,101.510887
0.91,10,101.555422
0.92,9,101.587948
0.95,6,101.609473
0.95,6,101.634495
0.94,7,101.665017
0.95,6,101.69153
0.95,6,101.718053
0.95,6,101.740072
0.95,6,101.765586
0.92,9,101.806112
0.95,6,101.829133
0.94,7,101.854662
0.94,7,101.876194
0.91,10,101.917727
0.95,6,101.945741
0.95,6,101.972265
0.87,14,102.026299
0.95,6,102.05232
0.95,6,102.076342
0.95,6,102.099365
0.91,10,102.134402
0.95,6,102.159928
0.95,6,102.182455
0.92,9,102.220486
0.93,8,102.254014
0.95,6,102.279531
0.95,6,102.30606
0.94,7,102.338079
0.93,8,102.374105
0.93,8,102.407655
0.95,6,102.438706
0.95,6,102.455769
0.95,6,102.481399
0.94,7,102.501423
0.93,8,102.533947
0.95,6,102.56447
0.95,6,102.586483
-1.02,3,102.598999
0.95,6,102.623513
0.95,6,102.646033
0.94,7,102.676557
0.95,6,102.697584
0.94,7,102.729107
0.95,6,102.75462
0.94,7,102.783641
0.94,7,102.814668
0.95,6,102.837691
0.93,8,102.864726
0.95,6,102.884959
0.95,6,102.903479
0.95,6,102.926012
