#{"t_start": 1768236100.5253232, "env_id": "None"}
r,l,t
-0.5,15,0.006002
-0.8333333,2,0.006002
-0.8333333,2,0.006002
-0.8333333,8,0.006503
-0.8333333,2,0.017646
-0.8333333,4,0.018151
-0.8333333,6,0.018651
-0.8333334,21,0.020158
-0.8333333,2,0.021665
-0.8333334,23,0.023166
-0.8333333,13,0.024163
-0.8333333,14,0.056703
-0.8333333,8,0.086743
-0.8333333,18,0.141781
-0.8333333,16,0.197826
-0.8333334,15,0.249859
-0.8333333,4,0.262882
0.8333334,30,0.364458
-0.8333333,4,0.376467
-0.8333333,4,0.389482
-0.8333333,12,0.423022
-0.8333333,2,0.428021
-0.8333333,10,0.468238
-0.8333333,4,0.482761
-0.8333333,2,0.490265
0.5,30,0.572373
0.3333333,30,0.669614
-0.8333333,5,0.688627
-0.8333333,9,0.719647
-0.8333333,5,0.733164
-0.8333333,2,0.73868
0.8333334,30,0.817282
-0.5,19,0.874957
-0.5,7,0.895992
-0.8333333,6,0.911508
-0.8333333,4,0.922025
-0.8333333,5,0.936551
1.8333334,11,0.977581
-0.8333333,2,0.983581
-0.5,11,1.020616
-0.8333333,13,1.069152
-0.5,17,1.124214
1.8333334,13,1.173751
1.8333334,22,1.247812
-0.8333334,19,1.309847
-0.8333333,3,1.322864
0.6666667,30,1.426439
-0.8333333,5,1.441457
-0.8333333,2,1.450469
-0.5,8,1.478983
1.8333334,12,1.523018
-0.8333333,2,1.529018
-0.8333334,18,1.596071
-0.5,25,1.679243
-0.8333334,7,1.70326
1.8333334,9,1.732287
0.5,30,1.820377
1.8333334,12,1.860923
-0.5,12,1.899957
-0.5,13,1.935988
1.8333334,11,1.974029
-0.8333333,2,1.980028
-0.8333333,4,1.99204
-0.8333333,4,2.00656
-0.5,17,2.063109
-0.8333333,4,2.076623
1.8333334,15,2.130176
-0.8333333,14,2.179224
-0.8333333,9,2.206955
0.3333333,30,2.30784
-0.8333333,2,2.313847
1.8333334,8,2.339366
-0.8333333,2,2.350374
-0.8333333,2,2.357382
-0.8333334,25,2.443965
1.8333334,6,2.464979
-0.8333333,2,2.474992
-0.8333333,6,2.496512
-0.8333333,11,2.533544
-0.8333334,27,2.62574
1.8333334,10,2.66226
0.3333333,30,2.759859
-0.8333333,3,2.77037
0.6666667,30,2.878981
-0.8333333,16,2.932529
-0.8333333,4,2.945041
-0.8333333,2,2.950044
1.8333334,12,2.987579
-0.8333333,4,3.000091
-0.8333333,6,3.016118
1.8333334,13,3.050661
-0.8333333,4,3.061673
1.8333334,10,3.104203
1.8333334,12,3.146236
-0.8333333,3,3.157248
-0.8333333,5,3.174267
-0.5,18,3.232831
1.8333334,13,3.272879
0.5,30,3.372495
-0.8333334,13,3.411536
-0.8333334,27,3.493634
1.8333334,14,3.543568
-0.8333333,2,3.551574
-0.8333333,5,3.567711
-0.8333333,7,3.59473
-0.5,9,3.620243
1.8333334,13,3.667275
1.8333334,14,3.722308
1.8333334,9,3.753827
-0.8333333,12,3.788846
1.8333334,17,3.844884
-0.8333333,3,3.852385
-0.5,7,3.877906
1.8333334,23,3.958966
1.8333334,11,3.998485
-0.8333334,15,4.044016
-0.8333333,3,4.054023
0.8333334,30,4.142074
-0.8333333,3,4.152081
-0.8333333,5,4.166087
-0.5,23,4.243139
1.8333334,17,4.291665
-0.8333333,2,4.297175
0.8333334,30,4.389733
-0.5,15,4.432259
-0.8333333,2,4.437259
-0.8333333,4,4.448265
-0.8333334,21,4.510303
-0.8333334,14,4.551329
-0.5,7,4.572342
-0.8333333,2,4.577342
1.8333334,7,4.601361
-0.8333333,3,4.610368
-0.8333333,4,4.623374
1.8333334,25,4.688913
-0.8333333,3,4.696919
1.8333334,13,4.737945
0.8333334,30,4.825997
-0.8333333,4,4.837505
-0.8333333,2,4.84401
1.8333334,10,4.87853
-0.5,5,4.893539
-0.5,10,4.92158
-0.5,25,5.002252
1.8333334,14,5.043278
-0.5,7,5.06429
-0.8333333,3,5.072797
1.8333334,12,5.109816
-0.8333333,9,5.137836
-0.8333333,2,5.143336
-0.5,19,5.199375
-0.8333333,3,5.207877
-0.8333333,2,5.214881
-0.8333333,2,5.220887
-0.8333333,6,5.240901
-0.8333333,2,5.246901
1.8333334,6,5.265414
-0.8333333,4,5.27692
1.8333334,20,5.332952
-0.8333333,2,5.338959
-0.8333333,5,5.355972
-0.8333333,2,5.361472
-0.5,12,5.400505
-0.8333333,2,5.406505
1.8333334,8,5.431024
-0.8333333,3,5.43953
1.8333334,16,5.487056
1.8333334,6,5.50657
-0.8333333,5,5.522076
1.8333334,11,5.555602
1.8333334,22,5.62314
-0.8333333,3,5.632649
-0.8333333,2,5.640156
-0.8333333,2,5.645655
1.8333334,14,5.687681
-0.5,9,5.7142
-0.5,5,5.730206
1.8333334,11,5.766739
1.8333334,12,5.80134
-0.8333333,3,5.810364
-0.8333334,11,5.839885
1.8333334,12,5.874904
1.8333334,19,5.933442
-0.8333333,2,5.938443
1.8333334,24,6.011487
-0.8333333,3,6.020494
1.8333334,21,6.081536
1.8333334,18,6.142215
1.8333334,16,6.188745
1.8333334,17,6.236773
-0.5,16,6.283803
-0.8333334,10,6.321589
-0.8333333,9,6.349103
-0.8333333,4,6.362115
0.6666667,30,6.454184
-0.5,8,6.476615
1.8333334,12,6.518641
-0.8333333,4,6.529147
-0.8333333,2,6.535154
1.8333334,8,6.560166
-0.8333333,2,6.567673
1.8333334,15,6.612198
1.8333334,10,6.643217
-0.8333333,5,6.65673
0.5,30,6.744462
0.6666667,30,6.832512
-0.8333333,7,6.853026
-0.5,4,6.864532
0.6666667,30,6.95509
-0.5,7,6.975603
-0.5,24,7.049719
1.8333334,14,7.090283
1.8333334,10,7.122795
-0.8333333,5,7.139308
1.8333334,28,7.217356
1.8333334,12,7.253878
-0.8333333,3,7.266887
0.6666667,30,7.354439
-0.8333333,2,7.359945
-0.8333333,5,7.372952
1.8333334,15,7.420477
1.8333334,10,7.448996
1.8333334,11,7.481515
1.8333334,16,7.531047
1.8333334,19,7.58658
1.8333334,7,7.606592
0.5,30,7.697735
0.5,30,7.786287
-0.8333333,2,7.794294
-0.8333333,2,7.799797
0.5,30,7.890345
1.8333334,8,7.914358
-0.5,11,7.949884
0.3333333,30,8.043442
-0.8333334,22,8.109142
1.8333334,23,8.179689
-0.5,19,8.237721
0.8333334,30,8.33128
0.8333334,30,8.42434
1.8333334,27,8.50489
0.5,30,8.599948
-0.8333333,2,8.606448
-0.5,9,8.632467
-0.5,9,8.65948
-0.5,5,8.674993
1.8333334,13,8.713518
-0.5,8,8.737031
0.5,30,8.830588
1.8333334,15,8.879613
-0.5,28,8.967672
0.6666667,30,9.060879
-0.8333333,4,9.072886
1.8333334,14,9.11685
-0.8333333,2,9.122858
1.8333334,8,9.149373
-0.8333333,2,9.157379
-0.5,6,9.176392
1.8333334,10,9.206911
0.8333334,30,9.301469
0.8333334,30,9.39402
1.8333334,23,9.46521
-0.8333333,2,9.470717
-0.5,7,9.49123
1.8333334,11,9.525749
0.8333334,30,9.616807
0.8333334,30,9.71398
1.8333334,6,9.732492
-0.5,17,9.785525
1.8333334,30,9.870578
-0.5,10,9.903097
1.8333334,11,9.93711
0.3333333,30,10.019661
0.8333334,30,10.107212
1.8333334,7,10.129732
1.8333334,21,10.191264
1.8333334,17,10.240796
-0.5,7,10.262308
1.8333334,15,10.307837
-0.5,4,10.319847
1.8333334,23,10.388875
0.8333334,30,10.480434
1.8333334,29,10.570993
0.6666667,30,10.666051
1.8333334,16,10.714077
0.6666667,30,10.802765
-0.5,16,10.84792
0.5,30,10.938477
-0.5,9,10.96649
-0.8333333,2,10.973496
1.8333334,28,11.056547
0.8333334,30,11.158116
-0.8333333,2,11.167116
0.6666667,30,11.254176
-0.8333333,2,11.259676
0.5,30,11.356233
1.8333334,12,11.39676
0.5,30,11.485318
0.5,30,11.573369
-0.5,5,11.586875
0.6666667,30,11.671427
1.8333334,18,11.724961
1.8333334,22,11.788149
0.8333334,30,11.8752
0.8333334,30,11.962252
1.8333334,19,12.02579
1.8333334,10,12.062315
0.6666667,30,12.151855
-0.5,28,12.235088
1.8333334,7,12.257101
1.8333334,25,12.326152
-0.5,21,12.38819
1.8333334,20,12.449225
1.8333334,17,12.499755
-0.8333333,10,12.528274
1.8333334,12,12.563793
0.8333334,30,12.652344
-0.5,12,12.688363
1.8333334,12,12.722884
-0.8333334,13,12.759402
1.8333334,25,12.831947
1.8333334,28,12.915499
1.8333334,27,12.993544
-0.5,23,13.068089
1.8333334,22,13.130185
1.8333334,14,13.173714
1.8333334,24,13.244256
0.5,30,13.336814
0.5,30,13.422865
-0.5,11,13.45939
0.8333334,30,13.548091
0.8333334,30,13.639148
1.8333334,6,13.655655
1.8333334,22,13.7292
-0.8333333,6,13.745713
0.6666667,30,13.840774
0.8333334,30,13.934331
1.8333334,27,14.016882
0.8333334,30,14.107432
1.8333334,18,14.16547
-0.5,4,14.176977
0.8333334,30,14.272534
0.8333334,30,14.364098
1.8333334,7,14.384611
1.8333334,21,14.453149
1.8333334,10,14.483821
1.8333334,13,14.521847
1.8333334,10,14.550867
1.8333334,10,14.580887
0.8333334,30,14.670938
1.8333334,24,14.742983
-0.8333333,2,14.749989
0.8333334,30,14.84054
1.8333334,11,14.87356
0.8333334,30,14.966759
0.5,30,15.060317
1.8333334,20,15.119851
1.8333334,8,15.146364
0.8333334,30,15.237422
1.8333334,8,15.259441
0.6666667,30,15.349005
1.8333334,24,15.422057
0.8333334,30,15.510619
0.8333334,30,15.59717
1.8333334,11,15.629189
1.8333334,27,15.713241
1.8333334,23,15.779786
0.16666667,30,15.867035
-0.8333333,4,15.878042
0.8333334,30,15.974099
1.8333334,11,16.007125
0.8333334,30,16.101305
0.33333334,30,16.197874
0.8333334,30,16.298932
1.8333334,30,16.390989
0.8333334,30,16.484035
0.5,30,16.571086
0.8333334,30,16.663638
0.8333334,30,16.759196
0.8333334,30,16.857754
0.8333334,30,16.949305
-0.8333333,3,16.959311
0.8333334,30,17.053387
0.6666667,30,17.147447
-0.8333333,2,17.15295
-0.8333333,3,17.16446
0.8333334,30,17.255103
0.8333334,30,17.348661
0.8333334,30,17.440211
0.8333334,30,17.534273
1.8333334,16,17.580296
0.8333334,30,17.670502
0.8333334,30,17.76106
0.8333334,30,17.858119
0.8333334,30,17.953677
1.8333334,6,17.972691
1.8333334,9,18.001203
0.8333334,30,18.09526
0.8333334,30,18.190318
0.8333334,30,18.289882
0.8333334,30,18.387444
0.6666667,30,18.486015
1.8333334,25,18.560683
0.8333334,30,18.653237
0.8333334,30,18.746298
1.8333334,8,18.772325
0.8333334,30,18.868383
0.8333334,30,18.96244
0.8333334,30,19.059086
1.8333334,7,19.081599
0.8333334,30,19.175658
0.8333334,30,19.271716
0.8333334,30,19.364774
1.8333334,28,19.451832
0.8333334,30,19.544508
0.8333334,30,19.637066
0.8333334,30,19.728123
-0.8333333,2,19.73563
0.8333334,30,19.829187
0.6666667,30,19.927402
0.6666667,30,20.01996
0.6666667,30,20.115518
0.8333334,30,20.213077
0.8333334,30,20.314141
0.8333334,30,20.413198
0.8333334,30,20.512264
0.8333334,30,20.605315
0.8333334,30,20.701381
0.8333334,30,20.799432
0.8333334,30,20.893492
1.8333334,7,20.917004
0.6666667,30,21.013563
1.8333334,14,21.060596
0.8333334,30,21.155154
0.6666667,30,21.241132
0.8333334,30,21.339304
0.6666667,30,21.435867
1.8333334,28,21.524605
0.16666667,30,21.616661
0.0,30,21.710345
0.0,30,21.803902
0.16666664,30,21.90096
-2.9802322e-08,30,21.998517
0.3333333,30,22.090075
0.5,30,22.190135
0.6666667,30,22.300705
0.5,30,22.413776
0.8333334,30,22.530346
0.0,30,22.651051
0.0,30,22.769129
0.0,30,22.885205
0.0,30,23.009775
0.0,30,23.128783
0.0,30,23.236849
0.6666667,30,23.35342
0.8333334,30,23.459984
0.8333334,30,23.571055
0.6666667,30,23.697132
0.5,30,23.8087
0.8333334,30,23.918268
-0.8333333,4,23.930274
0.5,30,24.039441
-2.9802322e-08,30,24.168521
0.16666667,30,24.259575
0.33333334,30,24.35313
-0.8333334,20,24.439273
-0.8333333,9,24.476793
0.5,30,24.60486
0.16666664,30,24.735943
0.16666667,30,24.853015
0.16666667,30,24.972599
-0.8333333,11,25.02013
0.16666664,30,25.123688
0.8333334,30,25.255259
0.5,30,25.374756
0.6666667,30,25.504412
0.8333334,30,25.638009
1.8333334,19,25.715077
1.8333334,21,25.788681
1.8333334,27,25.874981
1.8333334,7,25.896512
1.8333334,21,25.982593
0.8333334,30,26.097713
0.8333334,30,26.2198
-0.8333333,7,26.248829
0.8333334,30,26.35796
0.8333334,30,26.463079
0.6666667,30,26.591178
0.8333334,30,26.716331
0.5,30,26.851018
0.5,30,26.967091
0.6666667,30,27.088808
0.6666667,30,27.225904
0.5,30,27.349482
0.6666667,30,27.471559
0.6666667,30,27.589141
0.3333333,30,27.691196
0.6666667,30,27.809776
0.5,30,27.93886
0.8333334,30,28.042434
-0.8333333,2,28.048434
0.8333334,30,28.164551
0.8333334,30,28.297123
0.8333334,30,28.416195
0.6666667,30,28.54139
0.6666667,30,28.638961
1.8333334,29,28.758523
1.8333334,22,28.845078
0.8333334,30,28.931131
0.8333334,30,29.029199
0.6666667,30,29.125258
0.5,30,29.218316
0.5,30,29.320879
0.8333334,30,29.404931
0.6666667,30,29.496105
0.8333334,30,29.595669
0.8333334,30,29.684723
1.8333334,30,29.786797
0.8333334,30,29.889007
0.8333334,30,29.987568
0.8333334,30,30.089134
0.8333334,30,30.187693
0.8333334,30,30.280752
0.8333334,30,30.385318
0.8333334,30,30.488385
0.8333334,30,30.575438
0.6666667,30,30.676007
0.6666667,30,30.776565
-0.5,4,30.789071
0.8333334,30,30.892324
0.5,30,30.992391
0.5,30,31.09239
0.8333334,30,31.188942
0.8333334,30,31.29563
-0.5,4,31.308636
0.8333334,30,31.400196
0.8333334,30,31.499248
1.8333334,30,31.587793
0.8333334,30,31.688352
0.8333334,30,31.786412
0.8333334,30,31.885976
0.8333334,30,31.988542
0.8333334,30,32.086649
-0.5,6,32.107156
1.8333334,28,32.192719
0.8333334,30,32.282279
0.8333334,30,32.379339
0.3333333,30,32.4744
0.5,30,32.567957
0.3333333,30,32.670135
0.6666667,30,32.771681
0.6666667,30,32.874736
0.8333334,30,32.978306
0.8333334,30,33.075865
0.6666667,30,33.169424
0.8333334,30,33.270989
0.8333334,30,33.374555
0.8333334,30,33.461107
-0.8333333,4,33.472114
1.8333334,22,33.545659
0.3333333,30,33.646336
0.6666667,30,33.745397
1.8333334,8,33.771913
0.8333334,30,33.873978
0.8333334,30,33.96708
0.8333334,30,34.056816
1.8333334,10,34.084829
0.5,30,34.177891
0.6666667,30,34.281449
0.8333334,30,34.377502
1.8333334,19,34.431035
0.8333334,30,34.518605
0.6666667,30,34.603151
1.8333334,16,34.652678
0.6666667,30,34.738243
0.8333334,30,34.820787
0.6666667,30,34.915903
0.8333334,30,35.012769
1.8333334,17,35.060325
0.6666667,30,35.149982
0.6666667,30,35.235597
0.6666667,30,35.326226
0.6666667,30,35.420068
0.8333334,30,35.512192
1.8333334,16,35.55676
1.8333334,24,35.630862
1.8333334,15,35.673421
1.8333334,26,35.750519
1.8333334,6,35.768549
1.8333334,22,35.832641
1.8333334,6,35.849155
1.8333334,14,35.892214
1.8333334,12,35.92627
1.8333334,14,35.967832
1.8333334,18,36.022394
1.8333334,13,36.059442
1.8333334,16,36.105509
1.8333334,6,36.126533
1.8333334,12,36.162083
1.8333334,20,36.218663
1.8333334,13,36.258207
-0.8333333,2,36.264717
1.8333334,15,36.304951
1.8333334,7,36.326483
1.8333334,8,36.351007
1.8333334,7,36.374531
1.8333334,9,36.401075
1.8333334,14,36.441619
1.8333334,7,36.461148
1.8333334,9,36.488176
-0.8333333,4,36.498692
0.5,30,36.58481
-0.8333333,4,36.596334
0.8333334,30,36.686462
0.8333334,30,36.774074
1.8333334,13,36.810132
1.8333334,22,36.879212
1.8333334,20,36.939794
-0.5,12,36.973338
0.6666667,30,37.065931
0.6666667,30,37.160922
0.6666667,30,37.251033
0.6666667,30,37.341147
0.6666667,30,37.429267
0.6666667,30,37.51838
0.6666667,30,37.60551
0.8333334,30,37.692855
0.6666667,30,37.780965
0.6666667,30,37.867595
0.8333334,30,37.959223
0.6666667,30,38.046851
0.6666667,30,38.132596
1.8333334,24,38.204204
1.8333334,9,38.230729
1.8333334,12,38.264273
0.6666667,30,38.352397
0.6666667,30,38.441985
1.8333334,9,38.470024
1.8333334,19,38.527594
-2.9802322e-08,30,38.611714
1.8333334,28,38.692863
1.8333334,10,38.722164
1.8333334,20,38.782751
0.8333334,30,38.866832
0.5,30,38.95544
1.8333334,12,38.990779
0.8333334,30,39.086511
0.6666667,30,39.183651
0.6666667,30,39.27575
-0.8333333,4,39.295258
0.6666667,30,39.384869
-0.8333333,2,39.389867
0.6666667,30,39.478698
0.6666667,30,39.566342
0.6666667,30,39.650449
0.6666667,30,39.739057
0.33333334,30,39.827655
0.6666667,30,39.914774
0.6666667,30,40.004377
1.8333334,12,40.038905
0.8333334,30,40.126497
0.8333334,30,40.21675
0.8333334,30,40.305836
0.8333334,30,40.392104
0.6666667,30,40.48018
1.8333334,6,40.498198
0.8333334,30,40.586277
0.8333334,30,40.67186
0.8333334,30,40.754936
0.8333334,30,40.851171
0.8333334,30,40.938249
0.8333334,30,41.022329
1.8333334,18,41.075318
0.8333334,30,41.163027
0.8333334,30,41.250424
0.8333334,30,41.337303
1.8333334,12,41.372337
1.8333334,7,41.393858
1.8333334,7,41.413876
1.8333334,29,41.498951
0.6666667,30,41.584541
1.8333334,11,41.616571
1.8333334,8,41.639091
1.8333334,21,41.702648
1.8333334,9,41.727703
0.8333334,30,41.821464
1.8333334,15,41.863003
1.8333334,7,41.882516
1.8333334,7,41.902035
1.8333334,15,41.950075
1.8333334,6,41.966589
1.8333334,16,42.011121
1.8333334,15,42.056159
-0.5,13,42.098017
1.8333334,7,42.118622
1.8333334,6,42.136128
1.8333334,9,42.161654
1.8333334,8,42.187178
1.8333334,6,42.205193
1.8333334,6,42.221703
1.8333334,14,42.259732
1.8333334,11,42.291757
1.8333334,7,42.314272
1.8333334,7,42.33379
1.8333334,9,42.362315
1.8333334,6,42.381334
1.8333334,10,42.408854
1.8333334,10,42.437389
1.8333334,6,42.455904
1.8333334,8,42.479922
1.8333334,11,42.510445
1.8333334,6,42.526954
1.8333334,6,42.54347
1.8333334,6,42.563987
-0.5,4,42.575994
1.8333334,6,42.593011
1.8333334,10,42.620527
1.8333334,8,42.644556
1.8333334,6,42.661563
1.8333334,6,42.679585
1.8333334,8,42.7026
1.8333334,7,42.723616
1.8333334,6,42.740133
1.8333334,10,42.767151
1.8333334,6,42.783667
1.8333334,6,42.803682
1.8333334,6,42.820696
1.8333334,6,42.837714
-0.8333333,2,42.842214
1.8333334,6,42.861732
1.8333334,6,42.878252
1.8333334,6,42.894758
1.8333334,14,42.93529
1.8333334,14,42.978829
1.8333334,8,42.999856
1.8333334,6,43.016373
1.8333334,8,43.038388
1.8333334,6,43.06091
1.8333334,6,43.085439
1.8333334,6,43.103433
1.8333334,6,43.120453
1.8333334,6,43.142975
1.8333334,6,43.159989
1.8333334,7,43.180002
1.8333334,7,43.202018
1.8333334,13,43.240043
1.8333334,9,43.267569
1.8333334,10,43.29509
1.8333334,8,43.318615
1.8333334,11,43.352138
1.8333334,17,43.398673
1.8333334,9,43.423698
-0.8333333,7,43.444715
1.8333334,9,43.47224
1.8333334,11,43.502763
0.8333334,30,43.588449
1.8333334,22,43.649499
1.8333334,10,43.679025
1.8333334,17,43.73106
1.8333334,16,43.775092
1.8333334,9,43.799609
1.8333334,7,43.823128
1.8333334,23,43.888181
1.8333334,11,43.918783
1.8333334,10,43.949805
1.8333334,8,43.974821
1.8333334,6,43.99134
1.8333334,12,44.024363
1.8333334,13,44.060388
1.8333334,6,44.081915
1.8333334,7,44.101425
1.8333334,8,44.123947
1.8333334,9,44.151471
1.8333334,11,44.184996
1.8333334,6,44.203014
1.8333334,6,44.220529
1.8333334,6,44.237538
1.8333334,11,44.269565
-0.5,4,44.281571
1.8333334,8,44.303084
1.8333334,6,44.321602
1.8333334,6,44.343117
1.8333334,9,44.369641
1.8333334,7,44.388651
1.8333334,14,44.427178
1.8333334,10,44.461884
1.8333334,8,44.485897
1.8333334,6,44.502404
1.8333334,6,44.519416
1.8333334,6,44.537932
1.8333334,8,44.559951
1.8333334,6,44.578966
1.8333334,6,44.596473
1.8333334,7,44.616995
1.8333334,6,44.633574
1.8333334,7,44.653094
1.8333334,7,44.672611
1.8333334,8,44.698128
1.8333334,8,44.721648
1.8333334,6,44.738163
1.8333334,8,44.761179
1.8333334,6,44.7797
1.8333334,6,44.798223
1.8333334,8,44.825748
1.8333334,6,44.847769
1.8333334,6,44.86628
1.8333334,7,44.885415
1.8333334,6,44.901421
1.8333334,6,44.918458
1.8333334,6,44.936967
1.8333334,6,44.955984
-0.8333333,2,44.962984
1.8333334,6,44.980499
1.8333334,6,45.002519
1.8333334,6,45.022538
1.8333334,7,45.045557
1.8333334,6,45.064574
1.8333334,6,45.084089
1.8333334,7,45.105618
1.8333334,6,45.122627
1.8333334,6,45.140648
1.8333334,6,45.159164
1.8333334,7,45.178172
1.8333334,6,45.196186
1.8333334,6,45.214705
1.8333334,6,45.233225
1.8333334,6,45.249737
1.8333334,8,45.271759
1.8333334,7,45.291774
1.8333334,6,45.310788
1.8333334,6,45.32931
1.8333334,6,45.346828
1.8333334,6,45.365844
1.8333334,8,45.389362
1.8333334,6,45.405873
1.8333334,7,45.425887
1.8333334,6,45.443908
1.8333334,6,45.464925
1.8333334,8,45.486946
1.8333334,13,45.522976
1.8333334,6,45.538988
1.8333334,6,45.561007
-0.8333333,2,45.56702
1.8333334,6,45.588536
1.8333334,6,45.610555
1.8333334,6,45.632602
1.8333334,6,45.652121
1.8333334,6,45.674645
1.8333334,6,45.701179
1.8333334,6,45.721193
1.8333334,6,45.73771
1.8333334,10,45.765736
1.8333334,6,45.782245
1.8333334,14,45.823993
1.8333334,9,45.851531
1.8333334,6,45.868037
1.8333334,6,45.884551
1.8333334,7,45.905567
1.8333334,8,45.928098
1.8333334,6,45.945614
1.8333334,9,45.97564
1.8333334,6,45.994148
-0.8333333,3,46.002155
1.8333334,9,46.027179
1.8333334,8,46.049695
1.8333334,8,46.073712
1.8333334,11,46.117261
1.8333334,6,46.140279
1.8333334,14,46.200862
1.8333334,9,46.229895
1.8333334,6,46.255518
1.8333334,12,46.307089
1.8333334,7,46.338133
1.8333334,9,46.379184
1.8333334,8,46.406721
1.8333334,6,46.423231
-0.5,5,46.436241
1.8333334,13,46.494321
1.8333334,6,46.520355
1.8333334,16,46.592445
1.8333334,22,46.684565
1.8333334,12,46.729107
-0.5,7,46.756142
1.8333334,9,46.792186
1.8333334,6,46.817227
1.8333334,12,46.87429
1.8333334,15,46.938381
1.8333334,21,47.020482
1.8333334,12,47.066534
1.8333334,14,47.11496
1.8333334,9,47.145047
1.8333334,11,47.184099
1.8333334,10,47.223637
1.8333334,15,47.285225
1.8333334,6,47.31076
1.8333334,12,47.346786
1.8333334,12,47.386828
1.8333334,6,47.405347
1.8333334,6,47.422356
1.8333334,6,47.43887
1.8333334,8,47.467401
-0.8333333,2,47.474401
1.8333334,6,47.494919
1.8333334,10,47.53898
1.8333334,8,47.572037
1.8333334,6,47.600063
1.8333334,7,47.623751
1.8333334,9,47.657286
1.8333334,6,47.67681
1.8333334,13,47.727355
1.8333334,7,47.757892
1.8333334,6,47.781438
1.8333334,6,47.806461
1.8333334,8,47.830481
1.8333334,6,47.848998
1.8333334,6,47.87202
1.8333334,6,47.895547
1.8333334,8,47.92007
1.8333334,7,47.939589
1.8333334,6,47.9586
1.8333334,6,47.980624
1.8333334,6,48.009155
1.8333334,6,48.032177
1.8333334,6,48.055214
1.8333334,7,48.08374
1.8333334,6,48.112799
1.8333334,6,48.139341
1.8333334,6,48.164867
1.8333334,6,48.189901
1.8333334,7,48.210918
1.8333334,6,48.236953
1.8333334,6,48.254983
1.8333334,6,48.277513
1.8333334,6,48.295017
1.8333334,8,48.324559
1.8333334,6,48.350091
1.8333334,6,48.370109
1.8333334,6,48.388616
1.8333334,6,48.405132
1.8333334,7,48.424649
1.8333334,6,48.441158
1.8333334,6,48.467204
1.8333334,6,48.497746
-0.8333333,2,48.50525
1.8333334,8,48.539809
1.8333334,6,48.569443
1.8333334,6,48.586452
1.8333334,6,48.605469
1.8333334,6,48.627486
1.8333334,6,48.646006
1.8333334,6,48.663517
1.8333334,6,48.680532
1.8333334,6,48.699046
1.8333334,6,48.728067
1.8333334,7,48.753083
1.8333334,7,48.773602
1.8333334,6,48.799124
1.8333334,6,48.817643
1.8333334,6,48.835665
1.8333334,6,48.857182
1.8333334,6,48.879702
1.8333334,6,48.899221
1.8333334,6,48.924736
1.8333334,6,48.945755
1.8333334,6,48.966328
1.8333334,6,48.994555
1.8333334,6,49.011576
1.8333334,8,49.033594
1.8333334,10,49.060611
1.8333334,6,49.079129
1.8333334,6,49.099647
1.8333334,6,49.118162
1.8333334,6,49.140674
1.8333334,6,49.165689
1.8333334,8,49.187208
1.8333334,6,49.204227
1.8333334,9,49.231754
1.8333334,6,49.26077
1.8333334,7,49.28279
1.8333334,8,49.305313
1.8333334,8,49.338844
1.8333334,7,49.36186
1.8333334,10,49.404894
1.8333334,9,49.434921
1.8333334,9,49.461751
1.8333334,10,49.49678
1.8333334,6,49.518296
1.8333334,14,49.576834
1.8333334,8,49.60936
1.8333334,13,49.653392
1.8333334,12,49.69992
1.8333334,6,49.725448
1.8333334,8,49.762471
1.8333334,6,49.785987
1.8333334,10,49.812517
1.8333334,11,49.845545
1.8333334,6,49.872571
1.8333334,9,49.900089
1.8333334,6,49.917186
1.8333334,10,49.945713
1.8333334,7,49.973729
1.8333334,13,50.015264
1.8333334,10,50.04379
1.8333334,13,50.089333
1.8333334,6,50.106352
1.8333334,6,50.138371
1.8333334,6,50.158388
1.8333334,6,50.175401
1.8333334,7,50.195415
1.8333334,8,50.219444
1.8333334,15,50.267477
1.8333334,21,50.347201
1.8333334,13,50.394731
1.8333334,14,50.436766
1.8333334,6,50.457782
1.8333334,12,50.497813
1.8333334,7,50.51983
1.8333334,16,50.565375
1.8333334,11,50.596901
1.8333334,23,50.69299
1.8333334,12,50.748034
1.8333334,9,50.790563
-0.8333333,3,50.803069
1.8333334,10,50.8466
1.8333334,6,50.87413
1.8333334,16,50.932192
1.8333334,6,50.948704
1.8333334,7,50.970223
1.8333334,6,50.987243
1.8333334,7,51.01026
1.8333334,11,51.042789
1.8333334,9,51.068835
-0.5,5,51.082344
1.8333334,8,51.106863
1.8333334,8,51.142896
1.8333334,7,51.168917
1.8333334,8,51.20394
1.8333334,8,51.228468
1.8333334,9,51.270527
1.8333334,6,51.293657
1.8333334,6,51.310175
1.8333334,6,51.330688
1.8333334,6,51.358206
1.8333334,8,51.396738
1.8333334,10,51.440273
1.8333334,6,51.465291
1.8333334,7,51.497313
1.8333334,6,51.523835
1.8333334,6,51.546367
1.8333334,6,51.564385
1.8333334,6,51.581396
1.8333334,6,51.597917
1.8333334,6,51.614935
1.8333334,6,51.635451
1.8333334,6,51.659469
-0.8333333,2,51.668976
1.8333334,7,51.697494
1.8333334,6,51.716513
1.8333334,6,51.733032
1.8333334,6,51.751548
1.8333334,6,51.777055
1.8333334,7,51.809083
1.8333334,8,51.834599
1.8333334,8,51.856627
1.8333334,6,51.874136
1.8333334,6,51.894157
1.8333334,8,51.918178
1.8333334,6,51.935193
1.8333334,6,51.951711
1.8333334,6,51.973732
1.8333334,6,51.990746
1.8333334,8,52.023072
1.8333334,6,52.048285
1.8333334,7,52.070304
1.8333334,6,52.096316
1.8333334,6,52.120347
1.8333334,6,52.143146
1.8333334,8,52.175675
1.8333334,6,52.199689
1.8333334,7,52.226714
1.8333334,6,52.251729
1.8333334,6,52.280754
1.8333334,10,52.317276
1.8333334,12,52.35581
1.8333334,8,52.383331
-0.5,6,52.403358
1.8333334,9,52.42839
1.8333334,15,52.471956
0.8333334,30,52.56208
1.8333334,11,52.594119
1.8333334,17,52.647799
1.8333334,18,52.699379
1.8333334,14,52.738428
1.8333334,15,52.792123
1.8333334,6,52.812141
1.8333334,6,52.832664
1.8333334,9,52.862678
1.8333334,6,52.886701
1.8333334,9,52.917733
1.8333334,8,52.943246
1.8333334,6,52.964263
1.8333334,6,52.98229
1.8333334,6,53.002804
1.8333334,6,53.020316
1.8333334,6,53.040836
1.8333334,6,53.059861
1.8333334,8,53.081889
1.8333334,6,53.09891
1.8333334,6,53.118931
1.8333334,6,53.143447
1.8333334,6,53.165961
1.8333334,7,53.188484
1.8333334,8,53.211029
1.8333334,10,53.240559
1.8333334,6,53.259084
1.8333334,6,53.27612
1.8333334,7,53.297649
1.8333334,6,53.316676
1.8333334,6,53.333186
1.8333334,6,53.353698
1.8333334,6,53.373213
1.8333334,8,53.398746
1.8333334,6,53.418269
1.8333334,6,53.438289
1.8333334,6,53.459304
1.8333334,6,53.479337
1.8333334,6,53.495866
1.8333334,6,53.515877
1.8333334,6,53.536906
1.8333334,9,53.563435
1.8333334,6,53.581953
1.8333334,7,53.604467
1.8333334,6,53.624988
1.8333334,6,53.646512
1.8333334,6,53.667529
1.8333334,6,53.686058
1.8333334,6,53.705569
1.8333334,6,53.727087
1.8333334,6,53.748107
1.8333334,6,53.770125
1.8333334,6,53.791139
1.8333334,6,53.812155
1.8333334,6,53.831676
1.8333334,6,53.851692
1.8333334,6,53.871702
-0.5,4,53.884731
1.8333334,6,53.904747
1.8333334,6,53.926264
1.8333334,8,53.951783
1.8333334,6,53.97232
1.8333334,6,53.990335
1.8333334,6,54.008011
1.8333334,8,54.034038
-0.5,4,54.048553
1.8333334,7,54.069082
1.8333334,10,54.096109
1.8333334,6,54.113121
1.8333334,6,54.13365
1.8333334,6,54.151678
1.8333334,7,54.172691
1.8333334,6,54.18972
1.8333334,6,54.20974
1.8333334,6,54.229757
1.8333334,6,54.249767
1.8333334,7,54.270787
1.8333334,6,54.291806
1.8333334,6,54.310838
1.8333334,6,54.32737
1.8333334,6,54.344382
-0.5,5,54.364398
1.8333334,6,54.384415
1.8333334,6,54.405936
1.8333334,6,54.427958
1.8333334,6,54.448472
1.8333334,6,54.470494
1.8333334,7,54.493021
1.8333334,6,54.512529
1.8333334,7,54.536069
1.8333334,6,54.556584
1.8333334,6,54.573603
1.8333334,6,54.590132
1.8333334,8,54.614162
1.8333334,6,54.631191
1.8333334,6,54.649205
1.8333334,7,54.668733
-0.5,4,54.684754
1.8333334,6,54.70477
1.8333334,6,54.722784
1.8333334,7,54.741815
1.8333334,6,54.759847
1.8333334,6,54.779865
1.8333334,7,54.80438
1.8333334,6,54.823894
1.8333334,8,54.850437
1.8333334,6,54.868444
1.8333334,6,54.88796
1.8333334,8,54.91548
1.8333334,7,54.939497
1.8333334,10,54.972029
1.8333334,9,55.000563
1.8333334,9,55.030096
1.8333334,9,55.060628
1.8333334,6,55.080135
1.8333334,6,55.097663
1.8333334,6,55.114691
1.8333334,6,55.13571
1.8333334,7,55.160728
1.8333334,8,55.189251
1.8333334,6,55.209265
1.8333334,10,55.237801
1.8333334,7,55.261345
1.8333334,10,55.296869
1.8333334,6,55.318883
1.8333334,6,55.340403
1.8333334,6,55.358794
1.8333334,7,55.384479
1.8333334,7,55.409009
1.8333334,6,55.429026
1.8333334,6,55.447539
1.8333334,6,55.466555
1.8333334,6,55.483572
1.8333334,6,55.502085
1.8333334,6,55.518591
1.8333334,9,55.544613
1.8333334,6,55.566637
1.8333334,7,55.59166
1.8333334,9,55.621695
1.8333334,6,55.641212
1.8333334,12,55.679719
1.8333334,21,55.739758
0.6666667,30,55.83033
1.8333334,19,55.89289
1.8333334,16,55.94994
1.8333334,7,55.976468
1.8333334,11,56.012995
1.8333334,7,56.037415
1.8333334,9,56.067441
1.8333334,8,56.09597
1.8333334,8,56.119514
1.8333334,6,56.140525
1.8333334,8,56.168553
1.8333334,8,56.197076
1.8333334,6,56.214081
1.8333334,7,56.234094
1.8333334,7,56.25361
1.8333334,7,56.276131
1.8333334,7,56.297649
1.8333334,7,56.319664
1.8333334,7,56.339681
1.8333334,14,56.386733
1.8333334,8,56.413752
1.8333334,7,56.436878
1.8333334,7,56.458892
1.8333334,6,56.479405
1.8333334,7,56.498917
1.8333334,6,56.515427
1.8333334,6,56.53244
1.8333334,6,56.551452
1.8333334,6,56.573484
1.8333334,6,56.5935
1.8333334,8,56.619537
1.8333334,7,56.643051
1.8333334,12,56.68367
1.8333334,6,56.705686
1.8333334,6,56.725757
1.8333334,8,56.754339
-0.5,4,56.767346
1.8333334,6,56.789869
1.8333334,8,56.816898
1.8333334,9,56.843913
1.8333334,6,56.860925
1.8333334,7,56.884451
1.8333334,6,56.902971
1.8333334,6,56.92599
1.8333334,6,56.944005
1.8333334,8,56.968519
1.8333334,6,56.985031
1.8333334,12,57.023059
1.8333334,7,57.04759
1.8333334,7,57.070606
1.8333334,6,57.090622
1.8333334,11,57.127161
1.8333334,8,57.154924
1.8333334,6,57.175438
1.8333334,6,57.195957
1.8333334,7,57.217971
1.8333334,6,57.238489
1.8333334,9,57.268519
1.8333334,8,57.296047
1.8333334,7,57.320071
1.8333334,8,57.346085
1.8333334,17,57.398128
1.8333334,7,57.420145
1.8333334,6,57.442164
1.8333334,6,57.462685
1.8333334,6,57.483706
1.8333334,6,57.502226
1.8333334,7,57.527249
1.8333334,11,57.56529
1.8333334,6,57.587311
1.8333334,9,57.617846
1.8333334,8,57.642865
1.8333334,6,57.663885
1.8333334,9,57.695417
1.8333334,6,57.716434
1.8333334,12,57.756974
1.8333334,8,57.780491
1.8333334,11,57.816515
1.8333334,6,57.836529
1.8333334,9,57.868055
1.8333334,6,57.887071
1.8333334,6,57.905077
1.8333334,8,57.930606
1.8333334,6,57.950612
1.8333334,6,57.971128
1.8333334,6,57.989642
1.8333334,6,58.008655
1.8333334,6,58.031673
1.8333334,6,58.050186
1.8333334,6,58.0697
1.8333334,7,58.090212
1.8333334,6,58.112773
1.8333334,8,58.138295
1.8333334,6,58.15681
1.8333334,7,58.179329
1.8333334,6,58.198842
1.8333334,6,58.219354
1.8333334,9,58.246879
1.8333334,11,58.282898
1.8333334,8,58.310919
1.8333334,7,58.332435
1.8333334,6,58.35195
-0.8333333,3,58.359456
1.8333334,8,58.386471
1.8333334,9,58.414494
1.8333334,8,58.440007
1.8333334,6,58.460522
1.8333334,6,58.482039
1.8333334,6,58.500553
1.8333334,8,58.524291
1.8333334,7,58.545303
1.8333334,7,58.570827
1.8333334,7,58.59334
1.8333334,7,58.614852
1.8333334,6,58.633367
1.8333334,8,58.660372
1.8333334,8,58.686884
1.8333334,8,58.71314
1.8333334,6,58.732653
1.8333334,6,58.753169
1.8333334,8,58.77769
1.8333334,6,58.796196
1.8333334,7,58.819717
1.8333334,7,58.846234
1.8333334,6,58.868248
1.8333334,7,58.899777
1.8333334,6,58.926634
1.8333334,9,58.958148
1.8333334,7,58.985162
-0.8333333,2,58.991169
1.8333334,10,59.022692
1.8333334,10,59.055709
1.8333334,13,59.099237
1.8333334,10,59.128758
1.8333334,25,59.223822
1.8333334,6,59.251841
1.8333334,11,59.290862
1.8333334,11,59.333894
1.8333334,9,59.36642
1.8333334,6,59.387431
1.8333334,10,59.421946
1.8333334,9,59.45957
1.8333334,9,59.489094
1.8333334,6,59.507097
1.8333334,6,59.523119
1.8333334,6,59.538627
1.8333334,6,59.555645
1.8333334,14,59.600178
1.8333334,11,59.6292
1.8333334,15,59.675228
1.8333334,14,59.722263
1.8333334,9,59.748778
1.8333334,8,59.773792
1.8333334,6,59.791804
1.8333334,9,59.821323
1.8333334,10,59.853845
1.8333334,16,59.901873
1.8333334,11,59.934895
1.8333334,12,59.974423
1.8333334,12,60.012441
1.8333334,10,60.042963
1.8333334,6,60.061476
1.8333334,9,60.091498
1.8333334,8,60.120012
1.8333334,6,60.140529
1.8333334,6,60.158041
1.8333334,8,60.182054
1.8333334,7,60.20758
1.8333334,6,60.227587
1.8333334,10,60.2575
1.8333334,6,60.274599
1.8333334,7,60.298114
1.8333334,7,60.322137
1.8333334,6,60.340643
1.8333334,14,60.38151
1.8333334,10,60.410137
1.8333334,8,60.432154
1.8333334,6,60.451667
1.8333334,9,60.481187
1.8333334,8,60.508202
1.8333334,6,60.527216
1.8333334,7,60.548229
1.8333334,6,60.567242
1.8333334,6,60.591258
1.8333334,8,60.61578
1.8333334,9,60.644299
1.8333334,6,60.662864
1.8333334,7,60.685955
1.8333334,6,60.705971
1.8333334,8,60.738495
1.8333334,8,60.765517
1.8333334,9,60.79404
-0.5,4,60.805548
1.8333334,6,60.825594
1.8333334,9,60.853107
1.8333334,9,60.884129
1.8333334,6,60.901646
1.8333334,7,60.920662
1.8333334,7,60.942179
1.8333334,6,60.972706
1.8333334,7,60.99922
1.8333334,6,61.018233
1.8333334,7,61.040248
1.8333334,7,61.073272
1.8333334,6,61.100799
1.8333334,6,61.127317
-0.5,4,61.140331
1.8333334,14,61.184858
1.8333334,10,61.216878
1.8333334,6,61.241545
1.8333334,8,61.268567
1.8333334,12,61.313599
1.8333334,17,61.375144
1.8333334,15,61.427183
1.8333334,14,61.471711
1.8333334,13,61.517753
1.8333334,13,61.559282
1.8333334,6,61.579799
1.8333334,9,61.608812
-0.8333333,9,61.642844
1.8333334,6,61.662353
1.8333334,7,61.685376
1.8333334,7,61.708389
1.8333334,7,61.731403
1.8333334,8,61.757923
1.8333334,6,61.776432
1.8333334,6,61.794946
1.8333334,6,61.81496
1.8333334,6,61.835975
-0.8333333,2,61.841978
1.8333334,6,61.863497
1.8333334,6,61.891514
1.8333334,6,61.916489
1.8333334,6,61.934996
1.8333334,6,61.954011
1.8333334,6,61.977525
1.8333334,6,61.997537
1.8333334,6,62.016052
1.8333334,7,62.037565
1.8333334,6,62.057579
1.8333334,6,62.076596
1.8333334,6,62.097104
1.8333334,6,62.116118
1.8333334,6,62.145637
1.8333334,9,62.172161
1.8333334,7,62.201825
1.8333334,8,62.227332
1.8333334,6,62.250345
1.8333334,9,62.278366
1.8333334,7,62.29938
1.8333334,7,62.321896
1.8333334,6,62.342911
1.8333334,7,62.364424
1.8333334,7,62.385932
1.8333334,6,62.404441
1.8333334,7,62.42996
1.8333334,7,62.45148
1.8333334,8,62.488004
1.8333334,6,62.511511
1.8333334,6,62.534026
1.8333334,6,62.552539
1.8333334,6,62.568553
1.8333334,6,62.589064
1.8333334,7,62.613155
1.8333334,9,62.642181
1.8333334,10,62.674199
1.8333334,12,62.713728
1.8333334,6,62.733237
1.8333334,13,62.776665
1.8333334,8,62.80518
1.8333334,12,62.849717
1.8333334,18,62.913259
1.8333334,18,62.970796
1.8333334,13,63.023332
1.8333334,23,63.104896
1.8333334,14,63.156925
1.8333334,6,63.178944
1.8333334,12,63.224971
1.8333334,8,63.250994
1.8333334,12,63.297017
1.8333334,9,63.327038
1.8333334,17,63.384096
1.8333334,6,63.40211
1.8333334,10,63.435633
1.8333334,9,63.471661
1.8333334,9,63.503684
1.8333334,6,63.5227
1.8333334,6,63.55022
1.8333334,7,63.579251
1.8333334,6,63.601764
1.8333334,6,63.619778
1.8333334,6,63.642298
1.8333334,6,63.660813
1.8333334,8,63.686328
1.8333334,7,63.709842
1.8333334,6,63.731862
1.8333334,6,63.750373
1.8333334,6,63.771385
1.8333334,6,63.789902
1.8333334,6,63.811416
1.8333334,6,63.829922
1.8333334,6,63.857942
1.8333334,7,63.888459
1.8333334,7,63.911982
1.8333334,8,63.934486
1.8333334,6,63.953493
1.8333334,6,63.971634
1.8333334,6,63.993153
1.8333334,6,64.015174
1.8333334,6,64.036699
1.8333334,6,64.057209
1.8333334,6,64.079729
1.8333334,6,64.100247
1.8333334,6,64.119249
1.8333334,6,64.140265
1.8333334,6,64.16128
1.8333334,6,64.180293
1.8333334,6,64.198813
1.8333334,6,64.219319
1.8333334,6,64.241843
1.8333334,6,64.264367
1.8333334,6,64.283383
1.8333334,6,64.302885
1.8333334,6,64.3244
1.8333334,7,64.348912
1.8333334,9,64.376745
1.8333334,6,64.398264
1.8333334,8,64.425781
1.8333334,8,64.44828
-0.8333333,7,64.468803
1.8333334,7,64.495311
1.8333334,7,64.518806
-0.8333333,3,64.527806
1.8333334,6,64.547327
1.8333334,7,64.568841
1.8333334,8,64.598861
1.8333334,7,64.621896
1.8333334,6,64.643421
1.8333334,10,64.675991
1.8333334,11,64.709018
1.8333334,6,64.725531
1.8333334,12,64.758559
1.8333334,6,64.778067
1.8333334,16,64.83112
1.8333334,14,64.876661
1.8333334,9,64.906621
1.8333334,24,64.980233
1.8333334,14,65.0239
1.8333334,21,65.088445
1.8333334,12,65.125806
1.8333334,18,65.185685
1.8333334,7,65.208701
1.8333334,14,65.257276
1.8333334,8,65.2848
1.8333334,6,65.302811
1.8333334,6,65.322819
1.8333334,10,65.354849
1.8333334,6,65.374358
1.8333334,8,65.400885
1.8333334,6,65.420393
1.8333334,7,65.442077
1.8333334,6,65.46209
1.8333334,6,65.480602
1.8333334,6,65.501109
1.8333334,6,65.519623
1.8333334,6,65.539638
1.8333334,8,65.563153
1.8333334,6,65.584674
1.8333334,6,65.60319
1.8333334,8,65.627204
1.8333334,7,65.64872
1.8333334,7,65.671735
1.8333334,6,65.690251
1.8333334,6,65.708763
1.8333334,6,65.727779
1.8333334,6,65.749803
1.8333334,6,65.76781
1.8333334,6,65.787954
1.8333334,8,65.811975
1.8333334,6,65.831988
1.8333334,7,65.852307
1.8333334,6,65.871814
1.8333334,6,65.890329
1.8333334,6,65.912848
1.8333334,6,65.931361
1.8333334,6,65.949383
1.8333334,6,65.967394
1.8333334,6,65.989414
1.8333334,6,66.007923
1.8333334,7,66.030944
1.8333334,6,66.04995
1.8333334,6,66.069969
1.8333334,6,66.089982
1.8333334,6,66.110504
1.8333334,6,66.129021
1.8333334,6,66.150539
1.8333334,6,66.169053
1.8333334,6,66.188062
1.8333334,7,66.209078
1.8333334,6,66.231102
1.8333334,6,66.251114
1.8333334,7,66.272659
1.8333334,8,66.297672
1.8333334,8,66.323187
1.8333334,6,66.342702
1.8333334,6,66.367231
1.8333334,8,66.391245
1.8333334,6,66.410761
1.8333334,6,66.428771
1.8333334,6,66.447268
1.8333334,6,66.465785
1.8333334,6,66.4863
1.8333334,6,66.50681
1.8333334,8,66.531327
1.8333334,6,66.550341
1.8333334,10,66.581861
1.8333334,6,66.600374
1.8333334,6,66.62043
1.8333334,6,66.637937
1.8333334,15,66.684478
1.8333334,6,66.702488
1.8333334,6,66.719999
1.8333334,10,66.748515
1.8333334,6,66.76803
1.8333334,6,66.788044
1.8333334,6,66.80655
1.8333334,6,66.824557
1.8333334,6,66.845578
1.8333334,8,66.874108
1.8333334,8,66.897122
1.8333334,7,66.920639
1.8333334,8,66.94616
1.8333334,6,66.964168
1.8333334,6,66.983685
1.8333334,8,67.011705
1.8333334,6,67.031719
1.8333334,6,67.051233
1.8333334,7,67.071747
1.8333334,8,67.095262
1.8333334,6,67.11528
1.8333334,6,67.136798
1.8333334,6,67.155311
1.8333334,10,67.18683
1.8333334,6,67.208853
1.8333334,9,67.238881
1.8333334,8,67.268401
1.8333334,6,67.289421
1.8333334,6,67.310442
1.8333334,7,67.331957
1.8333334,6,67.348471
1.8333334,6,67.365988
1.8333334,6,67.389004
1.8333334,6,67.409532
1.8333334,6,67.431549
1.8333334,6,67.451073
1.8333334,7,67.474087
1.8333334,6,67.494092
1.8333334,6,67.514611
1.8333334,6,67.532623
1.8333334,6,67.553636
1.8333334,8,67.579154
1.8333334,7,67.600169
1.8333334,6,67.617686
1.8333334,6,67.638202
1.8333334,6,67.656208
1.8333334,6,67.676221
1.8333334,9,67.702243
1.8333334,6,67.721253
1.8333334,8,67.742269
1.8333334,6,67.76228
1.8333334,7,67.782828
1.8333334,8,67.808856
1.8333334,6,67.825367
1.8333334,6,67.843383
1.8333334,6,67.860402
1.8333334,6,67.879918
1.8333334,7,67.898927
1.8333334,8,67.922449
1.8333334,6,67.941967
1.8333334,6,67.963994
1.8333334,10,67.997016
1.8333334,6,68.017529
1.8333334,6,68.035536
1.8333334,6,68.056051
1.8333334,6,68.075067
1.8333334,6,68.094619
1.8333334,6,68.113903
1.8333334,7,68.139421
1.8333334,6,68.158428
1.8333334,7,68.179943
1.8333334,6,68.197956
1.8333334,6,68.217469
1.8333334,6,68.234976
1.8333334,6,68.257804
1.8333334,7,68.279319
1.8333334,11,68.318852
1.8333334,10,68.348373
1.8333334,6,68.363388
1.8333334,6,68.383404
1.8333334,6,68.402912
1.8333334,6,68.423425
1.8333334,6,68.441441
1.8333334,6,68.460954
1.8333334,6,68.480469
1.8333334,10,68.514107
1.8333334,7,68.535626
1.8333334,6,68.555641
1.8333334,7,68.577655
1.8333334,8,68.601168
1.8333334,8,68.624689
1.8333334,6,68.644196
1.8333334,6,68.665214
1.8333334,6,68.68573
1.8333334,9,68.712252
1.8333334,8,68.735765
1.8333334,8,68.76379
1.8333334,6,68.781798
1.8333334,6,68.801808
1.8333334,6,68.819823
1.8333334,10,68.849854
1.8333334,6,68.868865
1.8333334,6,68.888381
1.8333334,6,68.906387
1.8333334,6,68.927402
1.8333334,8,68.951924
1.8333334,6,68.96993
1.8333334,6,68.987944
1.8333334,7,69.022429
1.8333334,6,69.040947
1.8333334,9,69.070475
1.8333334,8,69.094997
1.8333334,7,69.118513
1.8333334,9,69.148217
1.8333334,7,69.169235
1.8333334,8,69.194258
1.8333334,8,69.22278
1.8333334,6,69.242796
1.8333334,6,69.263814
1.8333334,6,69.282332
1.8333334,10,69.315864
1.8333334,7,69.336884
1.8333334,8,69.360411
1.8333334,6,69.378922
1.8333334,6,69.400444
1.8333334,6,69.418893
1.8333334,8,69.444929
1.8333334,6,69.462438
1.8333334,6,69.482957
1.8333334,6,69.502456
1.8333334,9,69.531472
1.8333334,7,69.552488
1.8333334,7,69.577006
1.8333334,6,69.595026
1.8333334,11,69.628555
1.8333334,13,69.674101
1.8333334,8,69.702119
1.8333334,14,69.744145
1.8333334,6,69.764665
1.8333334,11,69.798196
1.8333334,15,69.846241
-0.8333333,3,69.855251
1.8333334,12,69.893282
1.8333334,24,69.970361
1.8333334,8,69.997379
1.8333334,8,70.027421
1.8333334,6,70.055459
1.8333334,6,70.077975
1.8333334,11,70.123022
1.8333334,6,70.152061
1.8333334,6,70.177089
1.8333334,6,70.19761
1.8333334,6,70.217628
1.8333334,9,70.247166
1.8333334,6,70.275207
1.8333334,12,70.326766
1.8333334,8,70.36199
1.8333334,8,70.394514
1.8333334,6,70.414032
1.8333334,6,70.439062
1.8333334,9,70.474613
1.8333334,10,70.516163
1.8333334,6,70.541682
1.8333334,6,70.565201
1.8333334,6,70.590743
1.8333334,6,70.612768
1.8333334,7,70.631788
1.8333334,6,70.654317
1.8333334,9,70.695871
1.8333334,6,70.722897
1.8333334,6,70.743421
1.8333334,6,70.767462
1.8333334,9,70.803031
1.8333334,6,70.830069
1.8333334,6,70.852595
1.8333334,7,70.883632
1.8333334,6,70.910651
1.8333334,6,70.933682
1.8333334,6,70.956208
1.8333334,6,70.980238
1.8333334,6,71.008275
1.8333334,6,71.032795
1.8333334,6,71.053825
1.8333334,6,71.079851
1.8333334,6,71.100371
1.8333334,6,71.121897
1.8333334,6,71.146433
1.8333334,6,71.17346
1.8333334,6,71.202499
1.8333334,6,71.225522
1.8333334,6,71.250563
1.8333334,6,71.278095
1.8333334,6,71.305125
1.8333334,7,71.334159
-0.8333333,8,71.361181
1.8333334,6,71.382207
-0.8333333,2,71.390721
1.8333334,6,71.413247
1.8333334,6,71.435271
1.8333334,6,71.460808
1.8333334,6,71.487337
1.8333334,8,71.520362
1.8333334,6,71.541381
1.8333334,7,71.562902
1.8333334,8,71.598455
1.8333334,9,71.634996
1.8333334,15,71.686552
1.8333334,6,71.710574
1.8333334,8,71.746571
1.8333334,8,71.779615
1.8333334,8,71.813656
1.8333334,8,71.84669
1.8333334,8,71.881239
1.8333334,9,71.920283
1.8333334,6,71.944323
1.8333334,6,71.971852
1.8333334,10,72.014402
1.8333334,20,72.094009
1.8333334,10,72.13306
1.8333334,12,72.18727
1.8333334,15,72.251359
1.8333334,7,72.280398
1.8333334,19,72.363504
1.8333334,9,72.402549
1.8333334,12,72.458128
0.16666667,30,72.597823
1.8333334,14,72.659908
1.8333334,16,72.731987
1.8333334,20,72.813339
1.8333334,21,72.88493
1.8333334,14,72.92897
1.8333334,14,72.991048
1.8333334,14,73.05664
1.8333334,10,73.101923
1.8333334,11,73.144979
1.8333334,8,73.176517
1.8333334,7,73.198536
1.8333334,8,73.22858
1.8333334,7,73.261621
1.8333334,6,73.288659
1.8333334,6,73.316184
1.8333334,8,73.343215
1.8333334,6,73.361234
1.8333334,10,73.392262
1.8333334,7,73.415283
1.8333334,6,73.435804
-0.8333333,5,73.450816
1.8333334,6,73.470827
1.8333334,8,73.49886
1.8333334,8,73.529053
1.8333334,7,73.557576
1.8333334,6,73.577098
1.8333334,6,73.607642
1.8333334,6,73.632672
1.8333334,6,73.659217
1.8333334,6,73.68726
1.8333334,6,73.714789
1.8333334,8,73.749836
1.8333334,6,73.774868
1.8333334,10,73.816425
1.8333334,6,73.838448
1.8333334,10,73.881502
1.8333334,8,73.912542
1.8333334,6,73.932069
-0.5,4,73.947576
1.8333334,8,73.978615
1.8333334,6,74.003152
1.8333334,6,74.025682
1.8333334,6,74.053212
1.8333334,7,74.082753
1.8333334,6,74.108291
1.8333334,6,74.132318
1.8333334,7,74.159342
1.8333334,6,74.184378
1.8333334,9,74.217413
1.8333334,6,74.238934
1.8333334,6,74.264469
1.8333334,7,74.295005
1.8333334,6,74.322549
1.8333334,6,74.350093
1.8333334,6,74.373607
1.8333334,6,74.389626
1.8333334,6,74.412665
1.8333334,6,74.440199
1.8333334,7,74.480745
1.8333334,6,74.506263
1.8333334,6,74.530784
1.8333334,6,74.552301
1.8333334,6,74.581321
1.8333334,6,74.609336
1.8333334,6,74.633354
1.8333334,6,74.658371
1.8333334,6,74.687891
1.8333334,6,74.712404
1.8333334,6,74.738925
1.8333334,7,74.769945
1.8333334,6,74.797459
1.8333334,6,74.822486
1.8333334,6,74.845499
1.8333334,6,74.871714
1.8333334,6,74.89424
1.8333334,6,74.914261
1.8333334,6,74.934784
1.8333334,6,74.956306
1.8333334,6,74.981833
1.8333334,6,75.005357
1.8333334,6,75.021386
1.8333334,6,75.039898
1.8333334,6,75.06892
1.8333334,6,75.09394
1.8333334,10,75.133966
1.8333334,6,75.157987
1.8333334,6,75.180509
1.8333334,6,75.206529
1.8333334,6,75.23155
1.8333334,6,75.254579
1.8333334,8,75.288101
1.8333334,6,75.315125
1.8333334,6,75.341695
1.8333334,6,75.371218
1.8333334,6,75.391255
1.8333334,8,75.42428
1.8333334,6,75.449795
1.8333334,8,75.482829
1.8333334,11,75.526868
1.8333334,11,75.569411
1.8333334,6,75.595424
1.8333334,7,75.623457
1.8333334,6,75.642979
1.8333334,7,75.665499
1.8333334,11,75.712528
1.8333334,8,75.749057
1.8333334,6,75.77258
1.8333334,6,75.796093
1.8333334,6,75.820816
1.8333334,10,75.850559
1.8333334,6,75.872582
1.8333334,6,75.890594
1.8333334,6,75.909122
1.8333334,7,75.930651
1.8333334,7,75.963165
1.8333334,7,75.985186
1.8333334,6,76.01479
1.8333334,7,76.04481
1.8333334,6,76.067837
1.8333334,6,76.092357
1.8333334,8,76.128883
1.8333334,8,76.162906
1.8333334,9,76.190449
1.8333334,6,76.212478
1.8333334,7,76.238619
1.8333334,7,76.271183
1.8333334,6,76.29121
1.8333334,6,76.311233
1.8333334,6,76.331748
1.8333334,7,76.353789
1.8333334,7,76.387305
1.8333334,8,76.422272
1.8333334,7,76.452797
1.8333334,6,76.471817
1.8333334,8,76.504844
1.8333334,6,76.523873
1.8333334,8,76.550393
1.8333334,10,76.594933
1.8333334,6,76.62395
1.8333334,7,76.654974
1.8333334,7,76.683504
1.8333334,9,76.715037
1.8333334,7,76.737063
1.8333334,8,76.764105
1.8333334,7,76.785632
1.8333334,12,76.824668
1.8333334,6,76.846709
1.8333334,7,76.869235
1.8333334,9,76.911271
1.8333334,6,76.935788
1.8333334,12,76.990822
-0.5,9,77.025363
1.8333334,13,77.0764
1.8333334,8,77.101444
1.8333334,16,77.160485
1.8333334,8,77.187114
1.8333334,6,77.208634
1.8333334,7,77.231648
1.8333334,12,77.275677
1.8333334,9,77.307197
1.8333334,7,77.334221
1.8333334,23,77.411787
1.8333334,12,77.44783
1.8333334,16,77.502868
1.8333334,8,77.532391
1.8333334,8,77.558902
1.8333334,22,77.635616
0.6666667,30,77.738203
1.8333334,17,77.79724
1.8333334,16,77.852274
1.8333334,14,77.899808
1.8333334,27,77.98886
0.0,30,78.090432
0.0,30,78.192
1.8333334,13,78.238026
1.8333334,18,78.299565
0.0,30,78.406424
0.0,30,78.517005
1.8333334,15,78.569537
0.6666667,30,78.670596
1.8333334,24,78.749647
1.8333334,18,78.809686
1.8333334,13,78.852211
0.0,30,78.953398
1.8333334,8,78.979927
1.8333334,22,79.055476
1.8333334,12,79.098502
1.8333334,7,79.121515
1.8333334,9,79.152535
1.8333334,7,79.175551
1.8333334,6,79.197567
1.8333334,9,79.229587
1.8333334,14,79.279115
1.8333334,10,79.311137
1.8333334,11,79.352162
1.8333334,10,79.386188
1.8333334,7,79.410701
1.8333334,14,79.457227
-0.8333333,11,79.494384
0.33333334,30,79.59895
1.8333334,25,79.677997
1.8333334,7,79.700513
1.8333334,14,79.750041
1.8333334,11,79.788567
1.8333334,14,79.832593
1.8333334,15,79.882626
1.8333334,8,79.912251
1.8333334,6,79.931764
1.8333334,6,79.95127
1.8333334,8,79.980789
1.8333334,6,80.001306
1.8333334,7,80.02632
1.8333334,6,80.047332
1.8333334,6,80.067839
1.8333334,6,80.089845
1.8333334,7,80.113859
1.8333334,6,80.132872
1.8333334,6,80.154385
1.8333334,6,80.176398
1.8333334,9,80.204918
1.8333334,6,80.22693
1.8333334,7,80.249944
1.8333334,6,80.271457
1.8333334,7,80.294472
1.8333334,7,80.317484
1.8333334,6,80.337998
1.8333334,6,80.361011
1.8333334,6,80.381024
1.8333334,6,80.401037
1.8333334,6,80.42305
1.8333334,6,80.445063
1.8333334,6,80.466076
1.8333334,6,80.48709
1.8333334,6,80.509609
1.8333334,6,80.531622
1.8333334,6,80.553636
1.8333334,6,80.573148
1.8333334,6,80.592155
1.8333334,6,80.615674
1.8333334,6,80.635687
1.8333334,6,80.655194
1.8333334,6,80.676207
1.8333334,8,80.702726
1.8333334,6,80.720739
1.8333334,6,80.742752
1.8333334,6,80.764265
1.8333334,6,80.786779
1.8333334,6,80.806791
1.8333334,6,80.826304
1.8333334,6,80.844312
1.8333334,6,80.867332
1.8333334,6,80.887845
1.8333334,11,80.925364
1.8333334,6,80.944877
1.8333334,6,80.96589
1.8333334,6,80.986903
1.8333334,6,81.007916
1.8333334,6,81.02793
1.8333334,6,81.050945
1.8333334,6,81.071958
1.8333334,6,81.090972
1.8333334,6,81.112989
1.8333334,6,81.134998
1.8333334,7,81.158011
1.8333334,7,81.182531
1.8333334,6,81.20254
1.8333334,6,81.224056
1.8333334,8,81.251569
1.8333334,6,81.270218
1.8333334,6,81.292231
1.8333334,6,81.313744
1.8333334,6,81.334757
1.8333334,8,81.364278
1.8333334,6,81.383291
1.8333334,6,81.4018
1.8333334,6,81.422814
1.8333334,6,81.442324
1.8333334,6,81.460837
1.8333334,6,81.482349
1.8333334,6,81.503363
1.8333334,9,81.533887
1.8333334,6,81.5559
1.8333334,6,81.577913
1.8333334,6,81.597425
1.8333334,6,81.619938
1.8333334,6,81.639451
1.8333334,6,81.661964
1.8333334,6,81.682479
1.8333334,6,81.702492
1.8333334,6,81.722505
1.8333334,6,81.745518
1.8333334,6,81.764532
1.8333334,6,81.784544
1.8333334,6,81.805557
1.8333334,10,81.838578
1.8333334,6,81.85709
1.8333334,6,81.879103
1.8333334,7,81.902116
1.8333334,6,81.92363
1.8333334,8,81.946144
1.8333334,6,81.966657
1.8333334,6,81.986169
1.8333334,6,82.010182
1.8333334,6,82.030195
1.8333334,6,82.051708
1.8333334,6,82.071721
1.8333334,7,82.095238
1.8333334,6,82.116251
1.8333334,6,82.136262
1.8333334,6,82.156275
1.8333334,7,82.181796
1.8333334,8,82.207309
1.8333334,6,82.226821
1.8333334,6,82.248834
1.8333334,6,82.271348
-0.8333333,2,82.277354
1.8333334,6,82.297367
1.8333334,6,82.31888
1.8333334,8,82.344893
1.8333334,6,82.368417
1.8333334,6,82.387427
1.8333334,6,82.40644
1.8333334,6,82.426453
1.8333334,6,82.446966
1.8333334,8,82.471979
1.8333334,6,82.492492
1.8333334,6,82.515508
1.8333334,6,82.535018
1.8333334,7,82.565039
1.8333334,6,82.584052
1.8333334,6,82.604066
1.8333334,6,82.622616
1.8333334,7,82.652505
1.8333334,12,82.69153
1.8333334,7,82.714052
1.8333334,6,82.733575
1.8333334,6,82.754583
1.8333334,6,82.774103
1.8333334,9,82.805627
1.8333334,7,82.82714
1.8333334,6,82.846157
1.8333334,6,82.867675
1.8333334,8,82.905198
-0.8333333,8,82.936726
1.8333334,7,82.959145
1.8333334,6,82.981658
1.8333334,6,83.002671
1.8333334,6,83.022184
1.8333334,6,83.03869
1.8333334,12,83.075884
1.8333334,6,83.095397
1.8333334,8,83.121411
1.8333334,8,83.147932
1.8333334,11,83.183951
1.8333334,6,83.204465
1.8333334,6,83.223477
1.8333334,9,83.251996
1.8333334,6,83.270503
1.8333334,8,83.302022
1.8333334,8,83.327041
1.8333334,8,83.356061
1.8333334,6,83.375567
1.8333334,6,83.398087
1.8333334,7,83.423865
1.8333334,8,83.450384
1.8333334,6,83.470394
1.8333334,6,83.493911
1.8333334,6,83.514428
1.8333334,8,83.53944
1.8333334,11,83.575463
1.8333334,7,83.598979
1.8333334,6,83.620492
1.8333334,6,83.646505
1.8333334,7,83.676025
1.8333334,8,83.710544
1.8333334,6,83.732057
1.8333334,7,83.763577
1.8333334,6,83.788095
1.8333334,7,83.814608
1.8333334,6,83.833621
1.8333334,6,83.852635
1.8333334,6,83.87165
1.8333334,6,83.894161
1.8333334,7,83.92268
1.8333334,6,83.947693
1.8333334,8,83.971706
1.8333334,7,83.994366
1.8333334,6,84.016382
1.8333334,6,84.034892
1.8333334,8,84.058912
1.8333334,6,84.087925
1.8333334,8,84.111444
1.8333334,6,84.128951
1.8333334,9,84.157471
1.8333334,6,84.176984
1.8333334,6,84.197997
1.8333334,6,84.216006
1.8333334,8,84.239523
1.8333334,6,84.267536
1.8333334,8,84.294055
1.8333334,8,84.319568
1.8333334,11,84.353094
1.8333334,7,84.375607
1.8333334,8,84.40112
1.8333334,8,84.425133
1.8333334,6,84.445145
1.8333334,8,84.472173
1.8333334,17,84.526205
1.8333334,11,84.559725
1.8333334,6,84.587244
1.8333334,9,84.621264
1.8333334,6,84.645277
1.8333334,9,84.677296
-0.8333333,4,84.688806
1.8333334,6,84.711823
1.8333334,12,84.760349
1.8333334,11,84.799874
-0.5,4,84.811881
1.8333334,6,84.834395
1.8333334,6,84.852407
1.8333334,6,84.87092
1.8333334,7,84.895433
1.8333334,6,84.916946
1.8333334,6,84.935959
1.8333334,8,84.962978
1.8333334,6,84.981985
1.8333334,7,85.005505
1.8333334,6,85.025518
1.8333334,7,85.04703
1.8333334,6,85.066037
1.8333334,6,85.088056
1.8333334,6,85.106566
1.8333334,7,85.127079
1.8333334,8,85.154099
1.8333334,14,85.199124
1.8333334,8,85.225644
1.8333334,8,85.251157
1.8333334,11,85.287679
1.8333334,6,85.30669
1.8333334,8,85.33721
1.8333334,13,85.378863
1.8333334,8,85.404376
1.8333334,8,85.438895
1.8333334,6,85.458908
1.8333334,8,85.484421
1.8333334,9,85.51544
-0.8333333,2,85.523448
1.8333334,6,85.54396
1.8333334,6,85.563473
1.8333334,8,85.589486
1.8333334,8,85.624012
1.8333334,6,85.646025
1.8333334,10,85.676044
1.8333334,12,85.716063
1.8333334,12,85.768651
1.8333334,9,85.79874
1.8333334,15,85.847271
1.8333334,13,85.901304
1.8333334,11,85.937326
1.8333334,20,86.002869
0.5,30,86.103428
1.8333334,18,86.175474
1.8333334,10,86.2145
1.8333334,9,86.244019
1.8333334,9,86.274038
1.8333334,7,86.296051
1.8333334,9,86.326068
1.8333334,11,86.362091
1.8333334,9,86.39361
1.8333334,6,86.412635
1.8333334,6,86.438648
-0.8333333,4,86.455161
1.8333334,6,86.477674
1.8333334,11,86.512693
1.8333334,8,86.543212
1.8333334,20,86.607753
1.8333334,8,86.633272
1.8333334,20,86.699311
1.8333334,6,86.721455
1.8333334,6,86.740968
1.8333334,9,86.768987
1.8333334,26,86.857045
1.8333334,6,86.877557
1.8333334,17,86.930589
1.8333334,7,86.952602
1.8333334,14,86.997779
1.8333334,6,87.021291
1.8333334,6,87.041805
1.8333334,6,87.060817
1.8333334,10,87.091833
1.8333334,6,87.11385
1.8333334,11,87.149869
1.8333334,15,87.200902
1.8333334,6,87.220916
1.8333334,6,87.245428
1.8333334,6,87.263941
1.8333334,6,87.283454
1.8333334,6,87.302467
1.8333334,14,87.347992
1.8333334,9,87.379012
1.8333334,15,87.428544
1.8333334,12,87.466563
1.8333334,21,87.538609
1.8333334,7,87.559622
1.8333334,13,87.601147
1.8333334,11,87.63517
1.8333334,12,87.677195
1.8333334,10,87.708215
1.8333334,9,87.741234
1.8333334,9,87.768754
1.8333334,6,87.789767
1.8333334,6,87.80678
1.8333334,6,87.824286
1.8333334,7,87.845299
1.8333334,8,87.87582
1.8333334,7,87.896833
1.8333334,8,87.922352
1.8333334,6,87.940858
1.8333334,6,87.969879
1.8333334,6,87.990391
1.8333334,6,88.008404
1.8333334,6,88.028917
1.8333334,6,88.05193
1.8333334,7,88.074491
1.8333334,7,88.101655
1.8333334,6,88.127169
1.8333334,6,88.147682
1.8333334,6,88.168697
1.8333334,6,88.18771
1.8333334,6,88.208723
1.8333334,8,88.239742
1.8333334,6,88.259755
1.8333334,6,88.277761
1.8333334,6,88.297773
1.8333334,6,88.317786
1.8333334,6,88.336799
1.8333334,8,88.36432
1.8333334,6,88.382826
1.8333334,6,88.403839
1.8333334,6,88.424226
1.8333334,6,88.440846
1.8333334,6,88.457859
1.8333334,6,88.477872
1.8333334,7,88.499385
1.8333334,6,88.520398
1.8333334,6,88.541411
1.8333334,6,88.564924
1.8333334,6,88.585936
1.8333334,6,88.604949
1.8333334,6,88.625462
1.8333334,6,88.645975
1.8333334,6,88.663482
1.8333334,8,88.689001
1.8333334,6,88.707508
1.8333334,8,88.738027
1.8333334,6,88.764547
1.8333334,6,88.784559
1.8333334,6,88.804072
1.8333334,6,88.825085
1.8333334,6,88.843592
1.8333334,7,88.868112
1.8333334,6,88.886119
1.8333334,6,88.906632
1.8333334,6,88.925644
1.8333334,8,88.949157
1.8333334,6,88.96967
1.8333334,6,88.991184
1.8333334,6,89.010197
1.8333334,8,89.036216
1.8333334,6,89.057228
1.8333334,10,89.090748
1.8333334,7,89.11526
1.8333334,6,89.135273
1.8333334,6,89.154786
1.8333334,10,89.189806
1.8333334,9,89.218818
1.8333334,6,89.238331
1.8333334,6,89.259344
1.8333334,16,89.315376
0.6666667,30,89.410934
1.8333334,16,89.463441
1.8333334,27,89.550497
1.8333334,10,89.582516
1.8333334,6,89.601525
1.8333334,7,89.624042
1.8333334,11,89.65956
1.8333334,11,89.696587
1.8333334,6,89.715093
1.8333334,7,89.737107
1.8333334,9,89.765626
1.8333334,12,89.806151
1.8333334,8,89.831664
1.8333334,6,89.849677
0.33333334,30,89.94874
0.33333334,30,90.048799
0.6666667,30,90.146857
1.8333334,24,90.219402
0.33333334,30,90.318968
0.33333334,30,90.417528
0.5,30,90.515589
0.33333334,30,90.613155
0.33333334,30,90.714214
0.33333334,30,90.813949
1.8333334,8,90.839961
1.8333334,22,90.911507
1.8333334,8,90.938526
1.8333334,7,90.962039
1.8333334,10,90.993558
1.8333334,7,91.017571
1.8333334,6,91.039083
1.8333334,10,91.07561
1.8333334,6,91.095623
1.8333334,6,91.115136
1.8333334,6,91.136149
1.8333334,7,91.161161
1.8333334,10,91.194181
1.8333334,7,91.215694
1.8333334,7,91.238364
1.8333334,7,91.264384
-0.8333333,2,91.270384
1.8333334,11,91.30741
1.8333334,7,91.330423
1.8333334,6,91.351936
1.8333334,6,91.371949
1.8333334,6,91.391462
1.8333334,6,91.410475
1.8333334,8,91.436988
1.8333334,6,91.457002
1.8333334,6,91.477014
1.8333334,6,91.496527
1.8333334,15,91.546559
1.8333334,18,91.609098
1.8333334,12,91.648617
1.8333334,11,91.681143
1.8333334,14,91.722167
1.8333334,8,91.746642
1.8333334,19,91.80868
1.8333334,10,91.8422
1.8333334,13,91.883726
1.8333334,9,91.912745
1.8333334,10,91.946764
1.8333334,6,91.966286
1.8333334,9,91.996293
1.8333334,16,92.04933
1.8333334,9,92.079342
1.8333334,8,92.104862
1.8333334,10,92.138882
1.8333334,6,92.160395
1.8333334,6,92.188108
1.8333334,6,92.208126
1.8333334,9,92.238652
1.8333334,6,92.257166
1.8333334,6,92.278194
1.8333334,13,92.323745
1.8333334,9,92.355265
1.8333334,6,92.374784
1.8333334,12,92.414318
1.8333334,12,92.453362
1.8333334,10,92.487887
1.8333334,8,92.513414
1.8333334,8,92.540948
1.8333334,6,92.560476
1.8333334,6,92.582514
1.8333334,7,92.605205
1.8333334,8,92.62973
1.8333334,6,92.650254
1.8333334,6,92.670277
1.8333334,8,92.694794
1.8333334,7,92.718822
1.8333334,8,92.743862
1.8333334,8,92.770381
1.8333334,6,92.791404
1.8333334,6,92.808933
1.8333334,6,92.827458
1.8333334,7,92.851969
1.8333334,6,92.871486
1.8333334,8,92.895011
1.8333334,14,92.93457
1.8333334,8,92.961599
1.8333334,7,92.980623
1.8333334,8,93.002654
1.8333334,6,93.020183
1.8333334,13,93.059728
1.8333334,21,93.120796
1.8333334,8,93.146321
-0.5,9,93.170854
1.8333334,8,93.195904
1.8333334,7,93.216928
1.8333334,6,93.233442
1.8333334,8,93.254957
1.8333334,7,93.2785
1.8333334,6,93.295516
1.8333334,6,93.312541
1.8333334,6,93.332567
1.8333334,6,93.351096
1.8333334,6,93.368611
1.8333334,6,93.386137
-0.8333333,2,93.391637
1.8333334,6,93.411649
1.8333334,6,93.428681
1.8333334,7,93.448181
1.8333334,6,93.464848
1.8333334,7,93.485878
1.8333334,6,93.502908
1.8333334,6,93.519424
1.8333334,6,93.541937
1.8333334,6,93.563451
1.8333334,7,93.584483
1.8333334,8,93.608506
1.8333334,7,93.632519
1.8333334,6,93.655547
1.8333334,6,93.673558
1.8333334,6,93.690594
1.8333334,6,93.708125
1.8333334,6,93.72664
1.8333334,6,93.743171
1.8333334,6,93.76019
1.8333334,6,93.777211
1.8333334,6,93.799731
1.8333334,6,93.820247
1.8333334,9,93.84579
1.8333334,6,93.862306
1.8333334,8,93.886842
-0.8333333,2,93.892343
1.8333334,6,93.910372
1.8333334,6,93.927371
1.8333334,7,93.948504
1.8333334,6,93.967066
1.8333334,9,93.992105
1.8333334,9,94.016637
1.8333334,8,94.043671
1.8333334,6,94.060194
1.8333334,6,94.076719
1.8333334,9,94.103763
1.8333334,15,94.14883
1.8333334,8,94.172863
-0.8333333,5,94.186876
1.8333334,6,94.203908
1.8333334,6,94.224433
1.8333334,10,94.253973
1.8333334,12,94.28852
1.8333334,7,94.311538
1.8333334,10,94.344084
-0.8333333,2,94.349096
1.8333334,7,94.368606
1.8333334,14,94.408162
1.8333334,7,94.430686
1.8333334,16,94.477758
1.8333334,15,94.519317
1.8333334,6,94.536832
1.8333334,8,94.573869
1.8333334,7,94.605392
1.8333334,7,94.635417
1.8333334,6,94.659934
1.8333334,6,94.679446
1.8333334,10,94.707473
1.8333334,9,94.734492
1.8333334,17,94.803039
1.8333334,18,94.871593
1.8333334,23,94.951795
1.8333334,6,94.977309
1.8333334,7,95.00683
1.8333334,21,95.082394
1.8333334,10,95.121928
1.8333334,6,95.142943
1.8333334,8,95.174971
0.16666667,30,95.269553
-0.8333333,5,95.289068
-0.8333333,30,95.414224
1.8333334,6,95.438743
1.8333334,26,95.537819
-0.8333333,14,95.601368
0.16666667,30,95.729968
0.16666667,30,95.834047
1.8333334,18,95.898616
1.8333334,6,95.924657
1.8333334,9,95.962177
1.8333334,10,96.007213
1.8333334,10,96.042743
1.8333334,6,96.067756
1.8333334,9,96.107295
1.8333334,8,96.130815
1.8333334,7,96.151834
1.8333334,10,96.188864
1.8333334,7,96.219389
1.8333334,6,96.23991
1.8333334,8,96.275102
1.8333334,6,96.299616
1.8333334,7,96.327141
1.8333334,6,96.34866
1.8333334,9,96.382185
1.8333334,6,96.398703
-0.8333333,2,96.404203
-0.8333333,2,96.409208
1.8333334,7,96.438248
1.8333334,11,96.481278
1.8333334,6,96.506295
1.8333334,13,96.558338
1.8333334,6,96.577358
1.8333334,6,96.601377
1.8333334,6,96.626396
1.8333334,6,96.646411
-0.8333333,4,96.664928
1.8333334,10,96.701607
1.8333334,6,96.718616
1.8333334,7,96.747638
1.8333334,6,96.766659
1.8333334,6,96.783672
1.8333334,8,96.805696
1.8333334,6,96.824204
1.8333334,6,96.853227
1.8333334,6,96.87975
1.8333334,9,96.909767
1.8333334,8,96.934787
1.8333334,10,96.967315
1.8333334,7,96.989335
1.8333334,6,97.005852
1.8333334,7,97.024362
1.8333334,8,97.063896
1.8333334,10,97.093427
1.8333334,8,97.121453
1.8333334,6,97.14797
1.8333334,8,97.172493
1.8333334,15,97.221035
1.8333334,6,97.240055
1.8333334,14,97.288601
1.8333334,9,97.325124
1.8333334,10,97.355154
1.8333334,6,97.374674
1.8333334,6,97.391682
1.8333334,7,97.412707
1.8333334,6,97.429727
1.8333334,8,97.457252
1.8333334,15,97.519292
1.8333334,10,97.556322
1.8333334,11,97.603357
1.8333334,9,97.643028
1.8333334,12,97.688072
1.8333334,7,97.719591
1.8333334,13,97.775625
1.8333334,9,97.80565
1.8333334,13,97.85368
1.8333334,22,97.919248
1.8333334,9,97.944768
1.8333334,15,97.988306
1.8333334,11,98.037946
1.8333334,9,98.065528
1.8333334,19,98.126565
1.8333334,14,98.180615
1.8333334,6,98.206631
1.8333334,17,98.262675
1.8333334,13,98.316214
1.8333334,20,98.390769
1.8333334,6,98.412301
1.8333334,7,98.442316
1.8333334,9,98.469459
-0.5,6,98.489006
1.8333334,6,98.512521
1.8333334,8,98.540047
1.8333334,6,98.566065
1.8333334,8,98.601098
1.8333334,6,98.627112
1.8333334,8,98.661651
1.8333334,7,98.681671
1.8333334,6,98.69819
1.8333334,6,98.716709
1.8333334,6,98.735718
1.8333334,10,98.771252
1.8333334,8,98.804783
1.8333334,7,98.836307
1.8333334,6,98.863329
1.8333334,6,98.883346
1.8333334,6,98.908869
1.8333334,6,98.932887
1.8333334,6,98.961907
1.8333334,6,98.979929
1.8333334,6,99.013667
1.8333334,6,99.034681
1.8333334,8,99.070207
1.8333334,8,99.102284
1.8333334,7,99.131793
1.8333334,8,99.156812
1.8333334,8,99.190842
1.8333334,7,99.222368
1.8333334,7,99.252389
1.8333334,8,99.286938
1.8333334,7,99.309947
1.8333334,7,99.32946
1.8333334,6,99.348474
1.8333334,8,99.378506
1.8333334,6,99.398069
1.8333334,8,99.431231
1.8333334,6,99.45774
1.8333334,8,99.489766
1.8333334,6,99.514796
1.8333334,6,99.53832
1.8333334,6,99.556835
